03.010010.0010,1/2 PIPE COPPER HARD K,LF,0,1,,75,1,HR,0,0,1,HR,0
03.010010.0020,3/4 PIPE COPPER HARD K,LF,0,1,,75,1,HR,0,0,1,HR,0
03.010010.0030,1 PIPE COPPER HARD K,LF,0,1,,75,1,HR,0,0,1,HR,0
03.010010.0040,1-1/4 PIPE COPPER HARD K,LF,0,1,,75,1,HR,0,0,1,HR,0
03.010010.0050,1-1/2 PIPE COPPER HARD K,LF,0,1,,75,1,HR,0,0,1,HR,0
03.010010.0060,2 PIPE COPPER HARD K,LF,0,1,,75,1,HR,0,0,1,HR,0
03.010010.0070,2-1/2 PIPE COPPER HARD K,LF,0,1,,75,1,HR,0,0,1,HR,0
03.010010.0080,3 PIPE COPPER HARD K,LF,0,1,,75,1,HR,0,0,1,HR,0
03.010010.0090,3-1/2 PIPE COPPER HARD K,LF,0,1,,75,1,HR,0,0,1,HR,0
03.010010.0110,4 PIPE COPPER HARD K,LF,0,1,,75,1,HR,0,0,1,HR,0
03.010020.0010,1/2 PIPE COPPER HARD L,LF,1.32,1,,75,1,HR,0,0,1,HR,0
03.010020.0020,3/4 PIPE COPPER HARD L,LF,2.14,1,,75,1,HR,0,0,1,HR,0
03.010020.0030,1 PIPE COPPER HARD L,LF,3.07,1,,75,1,HR,0,0,1,HR,0
03.010020.0040,1-1/4 PIPE COPPER HARD L,LF,4.21,1,,75,1,HR,0,0,1,HR,0
03.010020.0050,1-1/2 PIPE COPPER HARD L,LF,5.42,1,,75,1,HR,0,0,1,HR,0
03.010020.0060,2 PIPE COPPER HARD L,LF,8.73,1,,75,1,HR,0,0,1,HR,0
03.010020.0070,2-1/2 PIPE COPPER HARD L,LF,12.39,1,,75,1,HR,0,0,1,HR,0
03.010020.0080,3 PIPE COPPER HARD L,LF,16.78,1,,75,1,HR,0,0,1,HR,0
03.010020.0090,3-1/2 PIPE COPPER HARD L,LF,0,1,,75,1,HR,0,0,1,HR,0
03.010020.0100,4 PIPE COPPER HARD L,LF,29.44,1,,75,1,HR,0,0,1,HR,0
03.010020.0110,5 PIPE COPPER HARD L,LF,0,1,,75,1,HR,0,0,1,HR,0
03.010020.0150,6 PIPE COPPER HARD L,LF,0,1,,75,1,HR,0,0,1,HR,0
03.010030.0010,1/2 PIPE COPPER HARD M,LF,0.81,1,,75,1,HR,0,0,1,HR,0
03.010030.0020,3/4 PIPE COPPER HARD M,LF,1.3,1,,75,1,HR,0,0,1,HR,0
03.010030.0030,1 PIPE COPPER HARD M,LF,2.21,1,,75,1,HR,0,0,1,HR,0
03.010030.0040,1-1/4 PIPE COPPER HARD M,LF,3.25,1,,75,1,HR,0,0,1,HR,0
03.010030.0050,1-1/2 PIPE COPPER HARD M,LF,4.48,1,,75,1,HR,0,0,1,HR,0
03.010030.0060,2 PIPE COPPER HARD M,LF,0,1,,75,1,HR,0,0,1,HR,0
03.010030.0070,2-1/2 PIPE COPPER HARD M,LF,0,1,,75,1,HR,0,0,1,HR,0
03.010030.0080,3 PIPE COPPER HARD M,LF,0,1,,75,1,HR,0,0,1,HR,0
03.010030.0090,3-1/2 PIPE COPPER HARD M,LF,0,1,,75,1,HR,0,0,1,HR,0
03.010030.0110,4 PIPE COPPER HARD M,LF,0,1,,75,1,HR,0,0,1,HR,0
03.010040.0010,1/2 PIPE COPPER SOFT K,LF,0,1,,75,1,HR,0,0,1,HR,0
03.010040.0020,3/4 PIPE COPPER SOFT K,LF,0,1,,75,1,HR,0,0,1,HR,0
03.010040.0030,1 PIPE COPPER SOFT K,LF,0,1,,75,1,HR,0,0,1,HR,0
03.010040.0050,1-1/2 PIPE COPPER SOFT K,LF,0,1,,75,1,HR,0,0,1,HR,0
03.010040.0110,2 PIPE COPPER SOFT K,LF,0,1,,75,1,HR,0,0,1,HR,0
03.010050.0010,1/4 PIPE COPPER SOFT L,LF,0,1,,75,1,HR,0,0,1,HR,0
03.010050.0020,3/8 PIPE COPPER SOFT L,LF,0,1,,75,1,HR,0,0,1,HR,0
03.010050.0030,1/2 PIPE COPPER SOFT L,LF,0,1,,75,1,HR,0,0,1,HR,0
03.010050.0040,3/4 PIPE COPPER SOFT L,LF,0,1,,75,1,HR,0,0,1,HR,0
03.010050.0050,1 PIPE COPPER SOFT L,LF,0,1,,75,1,HR,0,0,1,HR,0
03.010050.0130,1-1/2 PIPE COPPER SOFT L,LF,0,1,,75,1,HR,0,0,1,HR,0
03.010060.0010,1/2 PIPE COPPER SOFT L 60' COIL,LF,0,1,,75,1,HR,0,0,1,HR,0
03.010060.0020,3/4 PIPE COPPER SOFT L 60' COIL,LF,0,1,,75,1,HR,0,0,1,HR,0
03.010060.0030,1 PIPE COPPER SOFT L 60' COIL,LF,0,1,,75,1,HR,0,0,1,HR,0
03.010060.0040,1-1/4 PIPE COPPER SOFT L 60' COIL,LF,0,1,,75,1,HR,0,0,1,HR,0
03.010060.0090,1-1/2 PIPE COPPER SOFT L 60' COIL,LF,0,1,,75,1,HR,0,0,1,HR,0
03.020010.0010,1/2 PIPE COPPER OXYGEN SERVICE K,LF,0,1,,75,1,HR,0,0,1,HR,0
03.020010.0020,3/4 PIPE COPPER OXYGEN SERVICE K,LF,0,1,,75,1,HR,0,0,1,HR,0
03.020010.0030,1 PIPE COPPER OXYGEN SERVICE K,LF,0,1,,75,1,HR,0,0,1,HR,0
03.020010.0040,1-1/4 PIPE COPPER OXYGEN SERVICE K,LF,0,1,,75,1,HR,0,0,1,HR,0
03.020010.0050,1-1/2 PIPE COPPER OXYGEN SERVICE K,LF,0,1,,75,1,HR,0,0,1,HR,0
03.020010.0060,2 PIPE COPPER OXYGEN SERVICE K,LF,0,1,,75,1,HR,0,0,1,HR,0
03.020010.0070,2-1/2 PIPE COPPER OXYGEN SERVICE K,LF,0,1,,75,1,HR,0,0,1,HR,0
03.020010.0080,3 PIPE COPPER OXYGEN SERVICE K,LF,0,1,,75,1,HR,0,0,1,HR,0
03.020010.0090,3-1/2 PIPE COPPER OXYGEN SERVICE K,LF,0,1,,75,1,HR,0,0,1,HR,0
03.020010.0110,4 PIPE COPPER OXYGEN SERVICE K,LF,0,1,,75,1,HR,0,0,1,HR,0
03.030010.0010,1-1/4 PIPE COPPER DWV HARD,LF,0,1,,75,1,HR,0,0,1,HR,0
03.030010.0020,1-1/2 PIPE COPPER DWV HARD,LF,0,1,,75,1,HR,0,0,1,HR,0
03.030010.0030,2 PIPE COPPER DWV HARD,LF,0,1,,75,1,HR,0,0,1,HR,0
03.030010.0040,3 PIPE COPPER DWV HARD,LF,0,1,,75,1,HR,0,0,1,HR,0
03.030010.0050,4 PIPE COPPER DWV HARD,LF,0,1,,75,1,HR,0,0,1,HR,0
03.030010.0060,6 PIPE COPPER DWV HARD,LF,0,1,,75,1,HR,0,0,1,HR,0
03.030010.0130,8 PIPE COPPER DWV HARD,LF,0,1,,75,1,HR,0,0,1,HR,0
03.030020.0010,3/16 PIPE COPPER REFR SOFT,LF,0,1,,75,1,HR,0,0,1,HR,0
03.030020.0020,1/4 PIPE COPPER REFR SOFT,LF,0,1,,75,1,HR,0,0,1,HR,0
03.030020.0030,5/16 PIPE COPPER REFR SOFT,LF,0,1,,75,1,HR,0,0,1,HR,0
03.030020.0040,3/8 PIPE COPPER REFR SOFT,LF,0,1,,75,0.4,HR,0,0,1,HR,0
03.030020.0050,1/2 PIPE COPPER REFR SOFT,LF,0,1,,75,0.4,HR,0,0,1,HR,0
03.030020.0110,3/4 PIPE COPPER REFR SOFT,LF,0,1,,75,0.5,HR,0,0,1,HR,0
03.040010.0010,1/4 ELBOW CxC 90 WROT,EA,0,1,,75,1,HR,0,0,1,HR,0
03.040010.0020,3/8 ELBOW CxC 90 WROT,EA,0,1,,75,1,HR,0,0,1,HR,0
03.040010.0030,1/2 ELBOW CxC 90 WROT,EA,0.55,1,,75,0.5,HR,0,0,1,HR,0
03.040010.0040,3/4 ELBOW CxC 90 WROT,EA,0.95,1,,75,1,HR,0,0,1,HR,0
03.040010.0050,1 ELBOW CxC 90 WROT,EA,2.85,1,,75,1,HR,0,0,1,HR,0
03.040010.0060,1-1/4 ELBOW CxC 90 WROT,EA,0,1,,75,1,HR,0,0,1,HR,0
03.040010.0070,1-1/2 ELBOW CxC 90 WROT,EA,4.3,1,,75,1,HR,0,0,1,HR,0
03.040010.0080,2 ELBOW CxC 90 WROT,EA,8.4,1,,75,1,HR,0,0,1,HR,0
03.040010.0090,2-1/2 ELBOW CxC 90 WROT,EA,21.4,1,,75,1,HR,0,0,1,HR,0
03.040010.0100,3 ELBOW CxC 90 WROT,EA,0,1,,75,1,HR,0,0,1,HR,0
03.040010.0110,3-1/2 ELBOW CxC 90 WROT,EA,0,1,,75,1,HR,0,0,1,HR,0
03.040010.0150,4 ELBOW CxC 90 WROT,EA,0,1,,75,1,HR,0,0,1,HR,0
03.040020.0010,1/4 ELBOW CxC 90 LONG WROT,EA,0,1,,75,1,HR,0,0,1,HR,0
03.040020.0020,3/8 ELBOW CxC 90 LONG WROT,EA,0,1,,75,1,HR,0,0,1,HR,0
03.040020.0030,1/2 ELBOW CxC 90 LONG WROT,EA,0,1,,75,1,HR,0,0,1,HR,0
03.040020.0040,3/4 ELBOW CxC 90 LONG WROT,EA,0,1,,75,1,HR,0,0,1,HR,0
03.040020.0050,1 ELBOW CxC 90 LONG WROT,EA,0,1,,75,1,HR,0,0,1,HR,0
03.040020.0060,1-1/4 ELBOW CxC 90 LONG WROT,EA,0,1,,75,1,HR,0,0,1,HR,0
03.040020.0070,1-1/2 ELBOW CxC 90 LONG WROT,EA,0,1,,75,1,HR,0,0,1,HR,0
03.040020.0080,2 ELBOW CxC 90 LONG WROT,EA,0,1,,75,1,HR,0,0,1,HR,0
03.040020.0090,2-1/2 ELBOW CxC 90 LONG WROT,EA,0,1,,75,1,HR,0,0,1,HR,0
03.040020.0100,3 ELBOW CxC 90 LONG WROT,EA,0,1,,75,1,HR,0,0,1,HR,0
03.040020.0110,3-1/2 ELBOW CxC 90 LONG WROT,EA,0,1,,75,1,HR,0,0,1,HR,0
03.040020.0150,4 ELBOW CxC 90 LONG WROT,EA,0,1,,75,1,HR,0,0,1,HR,0
03.040030.0010,1/2x3/8 ELBOW CxC 90 REDUC SHORT,EA,0,1,,75,1,HR,0,0,1,HR,0
03.040030.0020,3/4x1/2 ELBOW CxC 90 REDUC SHORT,EA,0,1,,75,1,HR,0,0,1,HR,0
03.040030.0030,1x1/2 ELBOW CxC 90 REDUC SHORT,EA,0,1,,75,1,HR,0,0,1,HR,0
03.040030.0040,1x3/4 ELBOW CxC 90 REDUC SHORT,EA,0,1,,75,1,HR,0,0,1,HR,0
03.040030.0050,1-1/4x1 ELBOW CxC 90 REDUC SHORT,EA,0,1,,75,1,HR,0,0,1,HR,0
03.040030.0060,1-1/2x1-1/4 ELBOW CxC 90 REDUC SHORT,EA,0,1,,75,1,HR,0,0,1,HR,0
03.040030.0130,2x1-1/2 ELBOW CxC 90 REDUC SHORT,EA,0,1,,75,1,HR,0,0,1,HR,0
03.040040.0010,1/4 ELBOW FTGxC 45 WROT,EA,0,1,,75,1,HR,0,0,1,HR,0
03.040040.0020,1/2 ELBOW FTGxC 45 WROT,EA,0,1,,75,1,HR,0,0,1,HR,0
03.040040.0030,3/4 ELBOW FTGxC 45 WROT,EA,0,1,,75,1,HR,0,0,1,HR,0
03.040040.0040,1 ELBOW FTGxC 45 WROT,EA,0,1,,75,1,HR,0,0,1,HR,0
03.040040.0050,1-1/4 ELBOW FTGxC 45 WROT,EA,0,1,,75,1,HR,0,0,1,HR,0
03.040040.0060,1-1/2 ELBOW FTGxC 45 WROT,EA,0,1,,75,1,HR,0,0,1,HR,0
03.040040.0070,2 ELBOW FTGxC 45 WROT,EA,0,1,,75,1,HR,0,0,1,HR,0
03.040040.0080,2-1/2 ELBOW FTGxC 45 WROT,EA,0,1,,75,1,HR,0,0,1,HR,0
03.040040.0170,3 ELBOW FTGxC 45 WROT,EA,0,1,,75,1,HR,0,0,1,HR,0
03.040050.0010,3/8 ELBOW FTGxC 90 WROT,EA,0,1,,75,1,HR,0,0,1,HR,0
03.040050.0020,1/2 ELBOW FTGxC 90 WROT,EA,0,1,,75,1,HR,0,0,1,HR,0
03.040050.0030,3/4 ELBOW FTGxC 90 WROT,EA,0,1,,75,1,HR,0,0,1,HR,0
03.040050.0040,1 ELBOW FTGxC 90 WROT,EA,0,1,,75,1,HR,0,0,1,HR,0
03.040050.0050,1-1/4 ELBOW FTGxC 90 WROT,EA,0,1,,75,1,HR,0,0,1,HR,0
03.040050.0060,1-1/2 ELBOW FTGxC 90 WROT,EA,0,1,,75,1,HR,0,0,1,HR,0
03.040050.0070,2 ELBOW FTGxC 90 WROT,EA,0,1,,75,1,HR,0,0,1,HR,0
03.040050.0080,2-1/2 ELBOW FTGxC 90 WROT,EA,0,1,,75,1,HR,0,0,1,HR,0
03.040050.0090,3 ELBOW FTGxC 90 WROT,EA,0,1,,75,1,HR,0,0,1,HR,0
03.040050.0110,4 ELBOW FTGxC 90 WROT,EA,0,1,,75,1,HR,0,0,1,HR,0
03.040060.0010,1/4 ELBOW CxC 45 WROT,EA,0,1,,75,1,HR,0,0,1,HR,0
03.040060.0020,3/8 ELBOW CxC 45 WROT,EA,0,1,,75,1,HR,0,0,1,HR,0
03.040060.0030,1/2 ELBOW CxC 45 WROT,EA,0,1,,75,1,HR,0,0,1,HR,0
03.040060.0040,3/4 ELBOW CxC 45 WROT,EA,0,1,,75,1,HR,0,0,1,HR,0
03.040060.0050,1 ELBOW CxC 45 WROT,EA,0,1,,75,1,HR,0,0,1,HR,0
03.040060.0060,1-1/4 ELBOW CxC 45 WROT,EA,0,1,,75,1,HR,0,0,1,HR,0
03.040060.0070,1-1/2 ELBOW CxC 45 WROT,EA,0,1,,75,1,HR,0,0,1,HR,0
03.040060.0080,2 ELBOW CxC 45 WROT,EA,0,1,,75,1,HR,0,0,1,HR,0
03.040060.0090,2-1/2 ELBOW CxC 45 WROT,EA,0,1,,75,1,HR,0,0,1,HR,0
03.040060.0110,3 ELBOW CxC 45 WROT,EA,0,1,,75,1,HR,0,0,1,HR,0
03.040070.0010,1/4 TEE CxC WROT,EA,0,1,,75,1,HR,0,0,1,HR,0
03.040070.0020,3/8 TEE CxC WROT,EA,0,1,,75,1,HR,0,0,1,HR,0
03.040070.0030,1/2 TEE CxC WROT,EA,0.75,1,,75,1,HR,0,0,1,HR,0
03.040070.0040,3/4 TEE CxC WROT,EA,1.65,1,,75,1,HR,0,0,1,HR,0
03.040070.0050,1 TEE CxC WROT,EA,4.1,1,,75,1,HR,0,0,1,HR,0
03.040070.0060,1-1/4 TEE CxC WROT,EA,0,1,,75,1,HR,0,0,1,HR,0
03.040070.0070,1-1/2 TEE CxC WROT,EA,0,1,,75,1,HR,0,0,1,HR,0
03.040070.0080,2 TEE CxC WROT,EA,14.75,1,,75,1,HR,0,0,1,HR,0
03.040070.0090,2-1/2 TEE CxC WROT,EA,0,1,,75,1,HR,0,0,1,HR,0
03.040070.0100,3 TEE CxC WROT,EA,0,1,,75,1,HR,0,0,1,HR,0
03.040070.0110,3-1/2 TEE CxC WROT,EA,0,1,,75,1,HR,0,0,1,HR,0
03.040070.0120,4 TEE CxC WROT,EA,0,1,,75,1,HR,0,0,1,HR,0
03.040070.0130,5 TEE CxC WROT,EA,0,1,,75,1,HR,0,0,1,HR,0
03.040070.0190,6 TEE CxC WROT,EA,0,1,,75,1,HR,0,0,1,HR,0
03.040080.0010,3/8x3/8x1/4 TEE CxC REDUC WROT,EA,0,1,,75,1,HR,0,0,1,HR,0
03.040080.0020,3/8x3/8x1/2 TEE CxC REDUC WROT,EA,0,1,,75,1,HR,0,0,1,HR,0
03.040080.0030,1/2x3/8x3/8 TEE CxC REDUC WROT,EA,0,1,,75,1,HR,0,0,1,HR,0
03.040080.0040,1/2x1/2x1/4 TEE CxC REDUC WROT,EA,0,1,,75,1,HR,0,0,1,HR,0
03.040080.0050,1/2x1/2x3/8 TEE CxC REDUC WROT,EA,0,1,,75,1,HR,0,0,1,HR,0
03.040080.0060,1/2x1/2x3/4 TEE CxC REDUC WROT,EA,0,1,,75,1,HR,0,0,1,HR,0
03.040080.0070,1/2x1/2x1 TEE CxC REDUC WROT,EA,0,1,,75,1,HR,0,0,1,HR,0
03.040080.0080,3/4x3/8x3/8 TEE CxC REDUC WROT,EA,0,1,,75,1,HR,0,0,1,HR,0
03.040080.0090,3/4x1/2x3/8 TEE CxC REDUC WROT,EA,0,1,,75,1,HR,0,0,1,HR,0
03.040080.0100,3/4x1/2x1/2 TEE CxC REDUC WROT,EA,0,1,,75,1,HR,0,0,1,HR,0
03.040080.0110,3/4x1/2x3/4 TEE CxC REDUC WROT,EA,0,1,,75,1,HR,0,0,1,HR,0
03.040080.0120,3/4x3/4x1/2 TEE CxC REDUC WROT,EA,0,1,,75,1,HR,0,0,1,HR,0
03.040080.0170,3/4x3/4x1 TEE CxC REDUC WROT,EA,0,1,,75,1,HR,0,0,1,HR,0
03.040090.0010,1x1/2x1/2 TEE CxC REDUC WROT,EA,0,1,,75,1,HR,0,0,1,HR,0
03.040090.0020,1x1/2x3/4 TEE CxC REDUC WROT,EA,0,1,,75,1,HR,0,0,1,HR,0
03.040090.0030,1x1/2x1 TEE CxC REDUC WROT,EA,0,1,,75,1,HR,0,0,1,HR,0
03.040090.0040,1x3/4x1/2 TEE CxC REDUC WROT,EA,0,1,,75,1,HR,0,0,1,HR,0
03.040090.0050,1x3/4x3/4 TEE CxC REDUC WROT,EA,0,1,,75,1,HR,0,0,1,HR,0
03.040090.0060,1x3/4x1 TEE CxC REDUC WROT,EA,0,1,,75,1,HR,0,0,1,HR,0
03.040090.0070,1x1x3/8 TEE CxC REDUC WROT,EA,0,1,,75,1,HR,0,0,1,HR,0
03.040090.0080,1x1x1/2 TEE CxC REDUC WROT,EA,0,1,,75,1,HR,0,0,1,HR,0
03.040090.0090,1x1x3/4 TEE CxC REDUC WROT,EA,0,1,,75,1,HR,0,0,1,HR,0
03.040090.0100,1x1x1-1/4 TEE CxC REDUC WROT,EA,0,1,,75,1,HR,0,0,1,HR,0
03.040090.0110,1x1x1-1/2 TEE CxC REDUC WROT,EA,0,1,,75,1,HR,0,0,1,HR,0
03.040090.0120,1-1/4x1-1/4x2 TEE CxC REDUC WROT,EA,0,1,,75,1,HR,0,0,1,HR,0
03.040090.0130,1-1/4x1-1/4x1-1/2 TEE CxC REDUC WROT,EA,0,1,,75,1,HR,0,0,1,HR,0
03.040090.0140,1-1/4x1-1/4x1 TEE CxC REDUC WROT,EA,0,1,,75,1,HR,0,0,1,HR,0
03.040090.0150,1-1/4x1-1/4x3/4 TEE CxC REDUC WROT,EA,0,1,,75,1,HR,0,0,1,HR,0
03.040090.0160,1-1/4x1-1/4x1/2 TEE CxC REDUC WROT,EA,0,1,,75,1,HR,0,0,1,HR,0
03.040090.0170,1-1/4x1-1/4x3/8 TEE CxC REDUC WROT,EA,0,1,,75,1,HR,0,0,1,HR,0
03.040090.0180,1-1/4x1x1-1/4 TEE CxC REDUC WROT,EA,0,1,,75,1,HR,0,0,1,HR,0
03.040090.0190,1-1/4x1x1 TEE CxC REDUC WROT,EA,0,1,,75,1,HR,0,0,1,HR,0
03.040090.0200,1-1/4x1x3/4 TEE CxC REDUC WROT,EA,0,1,,75,1,HR,0,0,1,HR,0
03.040090.0210,1-1/4x1x1/2 TEE CxC REDUC WROT,EA,0,1,,75,1,HR,0,0,1,HR,0
03.040090.0220,1-1/4x3/4x1-1/4 TEE CxC REDUC WROT,EA,0,1,,75,1,HR,0,0,1,HR,0
03.040090.0230,1-1/4x3/4x1 TEE CxC REDUC WROT,EA,0,1,,75,1,HR,0,0,1,HR,0
03.040090.0240,1-1/4x3/4x3/4 TEE CxC REDUC WROT,EA,0,1,,75,1,HR,0,0,1,HR,0
03.040090.0250,1-1/4x3/4x1/2 TEE CxC REDUC WROT,EA,0,1,,75,1,HR,0,0,1,HR,0
03.040090.0260,1-1/4x1/2x1-1/4 TEE CxC REDUC WROT,EA,0,1,,75,1,HR,0,0,1,HR,0
03.040090.0270,1-1/2x1-1/2x2 TEE CxC REDUC WROT,EA,0,1,,75,1,HR,0,0,1,HR,0
03.040090.0280,1-1/2x1-1/2x1 TEE CxC REDUC WROT,EA,0,1,,75,1,HR,0,0,1,HR,0
03.040090.0290,1-1/2x1-1/2x3/4 TEE CxC REDUC WROT,EA,0,1,,75,1,HR,0,0,1,HR,0
03.040090.0300,1-1/2x1-1/2x1/2 TEE CxC REDUC WROT,EA,0,1,,75,1,HR,0,0,1,HR,0
03.040090.0310,1-1/2x1-1/4x1-1/2 TEE CxC REDUC WROT,EA,0,1,,75,1,HR,0,0,1,HR,0
03.040090.0320,1-1/2x1-1/4x1-1/4 TEE CxC REDUC WROT,EA,0,1,,75,1,HR,0,0,1,HR,0
03.040090.0330,1-1/2x1-1/4x1 TEE CxC REDUC WROT,EA,0,1,,75,1,HR,0,0,1,HR,0
03.040090.0340,1-1/2x1-1/4x3/4 TEE CxC REDUC WROT,EA,0,1,,75,1,HR,0,0,1,HR,0
03.040090.0350,1-1/2x1-1/4x1/2 TEE CxC REDUC WROT,EA,0,1,,75,1,HR,0,0,1,HR,0
03.040090.0360,1-1/2x1x1-1/2 TEE CxC REDUC WROT,EA,0,1,,75,1,HR,0,0,1,HR,0
03.040090.0370,1-1/2x1x1-1/4 TEE CxC REDUC WROT,EA,0,1,,75,1,HR,0,0,1,HR,0
03.040090.0380,1-1/2x1x1 TEE CxC REDUC WROT,EA,0,1,,75,1,HR,0,0,1,HR,0
03.040090.0390,1-1/2x1x3/4 TEE CxC REDUC WROT,EA,0,1,,75,1,HR,0,0,1,HR,0
03.040090.0400,1-1/2x1x1/2 TEE CxC REDUC WROT,EA,0,1,,75,1,HR,0,0,1,HR,0
03.040090.0410,1-1/2x3/4x1-1/2 TEE CxC REDUC WROT,EA,0,1,,75,1,HR,0,0,1,HR,0
03.040090.0420,1-1/2x3/4x1-1/4 TEE CxC REDUC WROT,EA,0,1,,75,1,HR,0,0,1,HR,0
03.040090.0430,1-1/2x3/4x1 TEE CxC REDUC WROT,EA,0,1,,75,1,HR,0,0,1,HR,0
03.040090.0440,1-1/2x3/4x3/4 TEE CxC REDUC WROT,EA,0,1,,75,1,HR,0,0,1,HR,0
03.040090.0654,1-1/2x1-1/2x1-1/4 TEE CxC REDUC WROT,EA,0,1,,75,1,HR,0,0,1,HR,0
03.040090.0840,1-1/2x3/4x1/2 TEE CxC REDUC WROT,EA,0,1,,75,1,HR,0,0,1,HR,0
03.040100.0010,2x2x2-1/2 TEE CxC REDUC WROT,EA,0,1,,75,1,HR,0,0,1,HR,0
03.040100.0020,2x2x1-1/2 TEE CxC REDUC WROT,EA,0,1,,75,1,HR,0,0,1,HR,0
03.040100.0030,2x2x1-1/4 TEE CxC REDUC WROT,EA,0,1,,75,1,HR,0,0,1,HR,0
03.040100.0040,2x2x1 TEE CxC REDUC WROT,EA,0,1,,75,1,HR,0,0,1,HR,0
03.040100.0050,2x2x3/4 TEE CxC REDUC WROT,EA,0,1,,75,1,HR,0,0,1,HR,0
03.040100.0060,2x2x1/2 TEE CxC REDUC WROT,EA,0,1,,75,1,HR,0,0,1,HR,0
03.040100.0070,2x1-1/2x2 TEE CxC REDUC WROT,EA,0,1,,75,1,HR,0,0,1,HR,0
03.040100.0080,2x1-1/2x1-1/2 TEE CxC REDUC WROT,EA,0,1,,75,1,HR,0,0,1,HR,0
03.040100.0090,2x1-1/2x1-1/4 TEE CxC REDUC WROT,EA,0,1,,75,1,HR,0,0,1,HR,0
03.040100.0100,2x1-1/2x3/4 TEE CxC REDUC WROT,EA,0,1,,75,1,HR,0,0,1,HR,0
03.040100.0110,2x1-1/2x1/2 TEE CxC REDUC WROT,EA,0,1,,75,1,HR,0,0,1,HR,0
03.040100.0120,2x1-1/4x2 TEE CxC REDUC WROT,EA,0,1,,75,1,HR,0,0,1,HR,0
03.040100.0130,2x1-1/4x1-1/2 TEE CxC REDUC WROT,EA,0,1,,75,1,HR,0,0,1,HR,0
03.040100.0140,2x1-1/4x1-1/4 TEE CxC REDUC WROT,EA,0,1,,75,1,HR,0,0,1,HR,0
03.040100.0150,2x1-1/4x1 TEE CxC REDUC WROT,EA,0,1,,75,1,HR,0,0,1,HR,0
03.040100.0160,2x1-1/4x3/4 TEE CxC REDUC WROT,EA,0,1,,75,1,HR,0,0,1,HR,0
03.040100.0170,2x1x1 TEE CxC REDUC WROT,EA,0,1,,75,1,HR,0,0,1,HR,0
03.040100.0180,2x1x2 TEE CxC REDUC WROT,EA,0,1,,75,1,HR,0,0,1,HR,0
03.040100.0190,2x3/4x2 TEE CxC REDUC WROT,EA,0,1,,75,1,HR,0,0,1,HR,0
03.040100.0200,2x1/2x2 TEE CxC REDUC WROT,EA,0,1,,75,1,HR,0,0,1,HR,0
03.040100.0210,2-1/2x2-1/2x2 TEE CxC REDUC WROT,EA,0,1,,75,1,HR,0,0,1,HR,0
03.040100.0220,2-1/2x2-1/2x1-1/2 TEE CxC REDUC WROT,EA,0,1,,75,1,HR,0,0,1,HR,0
03.040100.0230,2-1/2x2-1/2x1-1/4 TEE CxC REDUC WROT,EA,0,1,,75,1,HR,0,0,1,HR,0
03.040100.0240,2-1/2x2-1/2x1 TEE CxC REDUC WROT,EA,0,1,,75,1,HR,0,0,1,HR,0
03.040100.0250,2-1/2x2-1/2x3/4 TEE CxC REDUC WROT,EA,0,1,,75,1,HR,0,0,1,HR,0
03.040100.0260,2-1/2x2-1/2x1/2 TEE CxC REDUC WROT,EA,0,1,,75,1,HR,0,0,1,HR,0
03.040100.0270,2-1/2x2x2-1/2 TEE CxC REDUC WROT,EA,0,1,,75,1,HR,0,0,1,HR,0
03.040100.0280,2-1/2x2x2 TEE CxC REDUC WROT,EA,0,1,,75,1,HR,0,0,1,HR,0
03.040100.0290,2-1/2x2x1-1/2 TEE CxC REDUC WROT,EA,0,1,,75,1,HR,0,0,1,HR,0
03.040100.0300,2-1/2x2x1-1/4 TEE CxC REDUC WROT,EA,0,1,,75,1,HR,0,0,1,HR,0
03.040100.0310,2-1/2x2x1 TEE CxC REDUC WROT,EA,0,1,,75,1,HR,0,0,1,HR,0
03.040100.0320,2-1/2x2x3/4 TEE CxC REDUC WROT,EA,0,1,,75,1,HR,0,0,1,HR,0
03.040100.0330,2-1/2x1-1/2x2-1/2 TEE CxC REDUC WROT,EA,0,1,,75,1,HR,0,0,1,HR,0
03.040100.0340,2-1/2x1-1/2x2 TEE CxC REDUC WROT,EA,0,1,,75,1,HR,0,0,1,HR,0
03.040100.0350,2-1/2x1-1/2x1-1/2 TEE CxC REDUC WROT,EA,0,1,,75,1,HR,0,0,1,HR,0
03.040100.0360,2-1/2x1-1/2x1-1/4 TEE CxC REDUC WROT,EA,0,1,,75,1,HR,0,0,1,HR,0
03.040100.0370,2-1/2x1-1/4x2-1/2 TEE CxC REDUC WROT,EA,0,1,,75,1,HR,0,0,1,HR,0
03.040100.0380,2-1/2x1-1/4x2 TEE CxC REDUC WROT,EA,0,1,,75,1,HR,0,0,1,HR,0
03.040100.0390,2-1/2x1x2-1/2 TEE CxC REDUC WROT,EA,0,1,,75,1,HR,0,0,1,HR,0
03.040100.0740,2-1/2x3/4x2-1/2 TEE CxC REDUC WROT,EA,0,1,,75,1,HR,0,0,1,HR,0
03.040110.0010,3x3x2-1/2 TEE CxC REDUC WROT,EA,0,1,,75,1,HR,0,0,1,HR,0
03.040110.0020,3x3x2 TEE CxC REDUC WROT,EA,0,1,,75,1,HR,0,0,1,HR,0
03.040110.0030,3x3x1-1/2 TEE CxC REDUC WROT,EA,0,1,,75,1,HR,0,0,1,HR,0
03.040110.0040,3x3x1-1/4 TEE CxC REDUC WROT,EA,0,1,,75,1,HR,0,0,1,HR,0
03.040110.0050,3x3x1 TEE CxC REDUC WROT,EA,0,1,,75,1,HR,0,0,1,HR,0
03.040110.0060,3x3x3/4 TEE CxC REDUC WROT,EA,0,1,,75,1,HR,0,0,1,HR,0
03.040110.0070,3x3x1/2 TEE CxC REDUC WROT,EA,0,1,,75,1,HR,0,0,1,HR,0
03.040110.0080,3x2-1/2x3 TEE CxC REDUC WROT,EA,0,1,,75,1,HR,0,0,1,HR,0
03.040110.0090,3x2-1/2x2-1/2 TEE CxC REDUC WROT,EA,0,1,,75,1,HR,0,0,1,HR,0
03.040110.0100,3x2-1/2x2 TEE CxC REDUC WROT,EA,0,1,,75,1,HR,0,0,1,HR,0
03.040110.0110,3x2-1/2x1-1/2 TEE CxC REDUC WROT,EA,0,1,,75,1,HR,0,0,1,HR,0
03.040110.0120,3x2-1/2x1 TEE CxC REDUC WROT,EA,0,1,,75,1,HR,0,0,1,HR,0
03.040110.0130,3x2-1/2x3/4 TEE CxC REDUC WROT,EA,0,1,,75,1,HR,0,0,1,HR,0
03.040110.0140,3x2-1/2x1/2 TEE CxC REDUC WROT,EA,0,1,,75,1,HR,0,0,1,HR,0
03.040110.0150,3x2x3 TEE CxC REDUC WROT,EA,0,1,,75,1,HR,0,0,1,HR,0
03.040110.0160,3x2x2-1/2 TEE CxC REDUC WROT,EA,0,1,,75,1,HR,0,0,1,HR,0
03.040110.0170,3x2x2 TEE CxC REDUC WROT,EA,0,1,,75,1,HR,0,0,1,HR,0
03.040110.0180,3x2x1-1/2 TEE CxC REDUC WROT,EA,0,1,,75,1,HR,0,0,1,HR,0
03.040110.0190,3x2x1-1/4 TEE CxC REDUC WROT,EA,0,1,,75,1,HR,0,0,1,HR,0
03.040110.0200,3x2x1 TEE CxC REDUC WROT,EA,0,1,,75,1,HR,0,0,1,HR,0
03.040110.0210,3x1-1/2x3 TEE CxC REDUC WROT,EA,0,1,,75,1,HR,0,0,1,HR,0
03.040110.0220,3x1-1/2x2-1/2 TEE CxC REDUC WROT,EA,0,1,,75,1,HR,0,0,1,HR,0
03.040110.0230,3x1-1/2x2 TEE CxC REDUC WROT,EA,0,1,,75,1,HR,0,0,1,HR,0
03.040110.0240,3x1-1/2x1-1/2 TEE CxC REDUC WROT,EA,0,1,,75,1,HR,0,0,1,HR,0
03.040110.0250,3x1-1/4x3 TEE CxC REDUC WROT,EA,0,1,,75,1,HR,0,0,1,HR,0
03.040110.0260,3x1x3 TEE CxC REDUC WROT,EA,0,1,,75,1,HR,0,0,1,HR,0
03.040110.0460,3x3/4x3 TEE CxC REDUC WROT,EA,0,1,,75,1,HR,0,0,1,HR,0
03.040120.0010,4x4x3 TEE CxC REDUC WROT,EA,0,1,,75,1,HR,0,0,1,HR,0
03.040120.0020,4x4x2-1/2 TEE CxC REDUC WROT,EA,0,1,,75,1,HR,0,0,1,HR,0
03.040120.0030,4x4x2 TEE CxC REDUC WROT,EA,0,1,,75,1,HR,0,0,1,HR,0
03.040120.0040,4x4x1-1/2 TEE CxC REDUC WROT,EA,0,1,,75,1,HR,0,0,1,HR,0
03.040120.0050,4x4x1-1/4 TEE CxC REDUC WROT,EA,0,1,,75,1,HR,0,0,1,HR,0
03.040120.0060,4x4x1 TEE CxC REDUC WROT,EA,0,1,,75,1,HR,0,0,1,HR,0
03.040120.0070,4x4x3/4 TEE CxC REDUC WROT,EA,0,1,,75,1,HR,0,0,1,HR,0
03.040120.0080,4x4x1/2 TEE CxC REDUC WROT,EA,0,1,,75,1,HR,0,0,1,HR,0
03.040120.0090,4x3x4 TEE CxC REDUC WROT,EA,0,1,,75,1,HR,0,0,1,HR,0
03.040120.0100,4x3x3 TEE CxC REDUC WROT,EA,0,1,,75,1,HR,0,0,1,HR,0
03.040120.0110,4x3x2-1/2 TEE CxC REDUC WROT,EA,0,1,,75,1,HR,0,0,1,HR,0
03.040120.0120,4x3x2 TEE CxC REDUC WROT,EA,0,1,,75,1,HR,0,0,1,HR,0
03.040120.0130,4x2-1/2x4 TEE CxC REDUC WROT,EA,0,1,,75,1,HR,0,0,1,HR,0
03.040120.0140,4x2-1/2x2-1/2 TEE CxC REDUC WROT,EA,0,1,,75,1,HR,0,0,1,HR,0
03.040120.0150,4x2x4 TEE CxC REDUC WROT,EA,0,1,,75,1,HR,0,0,1,HR,0
03.040120.0160,4x2x2 TEE CxC REDUC WROT,EA,0,1,,75,1,HR,0,0,1,HR,0
03.040120.0170,4x1-1/2x4 TEE CxC REDUC WROT,EA,0,1,,75,1,HR,0,0,1,HR,0
03.040120.0270,4x1x4 TEE CxC REDUC WROT,EA,0,1,,75,1,HR,0,0,1,HR,0
03.040130.0010,1/8 COUPLING CxC WROT,EA,0,1,,75,1,HR,0,0,1,HR,0
03.040130.0020,1/4 COUPLING CxC WROT,EA,0,1,,75,1,HR,0,0,1,HR,0
03.040130.0030,3/8 COUPLING CxC WROT,EA,0,1,,75,1,HR,0,0,1,HR,0
03.040130.0040,1/2 COUPLING CxC WROT,EA,0,1,,75,1,HR,0,0,1,HR,0
03.040130.0050,5/8 COUPLING CxC WROT,EA,0,1,,75,1,HR,0,0,1,HR,0
03.040130.0060,3/4 COUPLING CxC WROT,EA,0,1,,75,1,HR,0,0,1,HR,0
03.040130.0070,1 COUPLING CxC WROT,EA,0,1,,75,1,HR,0,0,1,HR,0
03.040130.0080,1-1/4 COUPLING CxC WROT,EA,0,1,,75,1,HR,0,0,1,HR,0
03.040130.0090,1-1/2 COUPLING CxC WROT,EA,0,1,,75,1,HR,0,0,1,HR,0
03.040130.0100,2 COUPLING CxC WROT,EA,0,1,,75,1,HR,0,0,1,HR,0
03.040130.0110,2-1/2 COUPLING CxC WROT,EA,0,1,,75,1,HR,0,0,1,HR,0
03.040130.0120,3 COUPLING CxC WROT,EA,0,1,,75,1,HR,0,0,1,HR,0
03.040130.0130,3-1/2 COUPLING CxC WROT,EA,0,1,,75,1,HR,0,0,1,HR,0
03.040130.0140,4 COUPLING CxC WROT,EA,0,1,,75,1,HR,0,0,1,HR,0
03.040130.0150,5 COUPLING CxC WROT,EA,0,1,,75,1,HR,0,0,1,HR,0
03.040130.0230,6 COUPLING CxC WROT,EA,0,1,,75,1,HR,0,0,1,HR,0
03.040140.0010,1/4x1/8 COUPLING CxC REDUC WROT,EA,0,1,,75,1,HR,0,0,1,HR,0
03.040140.0020,3/8x1/8 COUPLING CxC REDUC WROT,EA,0,1,,75,1,HR,0,0,1,HR,0
03.040140.0030,3/8x1/4 COUPLING CxC REDUC WROT,EA,0,1,,75,1,HR,0,0,1,HR,0
03.040140.0040,1/2x1/8 COUPLING CxC REDUC WROT,EA,0,1,,75,1,HR,0,0,1,HR,0
03.040140.0050,1/2x1/4 COUPLING CxC REDUC WROT,EA,0,1,,75,1,HR,0,0,1,HR,0
03.040140.0060,1/2x3/8 COUPLING CxC REDUC WROT,EA,0,1,,75,1,HR,0,0,1,HR,0
03.040140.0070,3/4x3/8 COUPLING CxC REDUC WROT,EA,0,1,,75,1,HR,0,0,1,HR,0
03.040140.0080,3/4x1/2 COUPLING CxC REDUC WROT,EA,0,1,,75,1,HR,0,0,1,HR,0
03.040140.0090,3/4x5/8 COUPLING CxC REDUC WROT,EA,0,1,,75,1,HR,0,0,1,HR,0
03.040140.0100,1x1/2 COUPLING CxC REDUC WROT,EA,0,1,,75,1,HR,0,0,1,HR,0
03.040140.0110,1x3/4 COUPLING CxC REDUC WROT,EA,0,1,,75,1,HR,0,0,1,HR,0
03.040140.0120,1-1/4x1/2 COUPLING CxC REDUC WROT,EA,0,1,,75,1,HR,0,0,1,HR,0
03.040140.0130,1-1/4x3/4 COUPLING CxC REDUC WROT,EA,0,1,,75,1,HR,0,0,1,HR,0
03.040140.0140,1-1/4x1 COUPLING CxC REDUC WROT,EA,0,1,,75,1,HR,0,0,1,HR,0
03.040140.0150,1-1/2x1/2 COUPLING CxC REDUC WROT,EA,0,1,,75,1,HR,0,0,1,HR,0
03.040140.0160,1-1/2x3/4 COUPLING CxC REDUC WROT,EA,0,1,,75,1,HR,0,0,1,HR,0
03.040140.0170,1-1/2x1 COUPLING CxC REDUC WROT,EA,0,1,,75,1,HR,0,0,1,HR,0
03.040140.0180,1-1/2x1-1/4 COUPLING CxC REDUC WROT,EA,0,1,,75,1,HR,0,0,1,HR,0
03.040140.0190,2x1/2 COUPLING CxC REDUC WROT,EA,0,1,,75,1,HR,0,0,1,HR,0
03.040140.0200,2x3/4 COUPLING CxC REDUC WROT,EA,0,1,,75,1,HR,0,0,1,HR,0
03.040140.0210,2x1 COUPLING CxC REDUC WROT,EA,0,1,,75,1,HR,0,0,1,HR,0
03.040140.0220,2x1-1/4 COUPLING CxC REDUC WROT,EA,0,1,,75,1,HR,0,0,1,HR,0
03.040140.0230,2x1-1/2 COUPLING CxC REDUC WROT,EA,14.5,1,,75,1,HR,0,0,1,HR,0
03.040140.0240,2-1/2x1 COUPLING CxC REDUC WROT,EA,0,1,,75,1,HR,0,0,1,HR,0
03.040140.0250,2-1/2x1-1/4 COUPLING CxC REDUC WROT,EA,0,1,,75,1,HR,0,0,1,HR,0
03.040140.0260,2-1/2x1-1/2 COUPLING CxC REDUC WROT,EA,0,1,,75,1,HR,0,0,1,HR,0
03.040140.0270,2-1/2x2 COUPLING CxC REDUC WROT,EA,0,1,,75,1,HR,0,0,1,HR,0
03.040140.0280,3x1-1/2 COUPLING CxC REDUC WROT,EA,0,1,,75,1,HR,0,0,1,HR,0
03.040140.0290,3x2 COUPLING CxC REDUC WROT,EA,0,1,,75,1,HR,0,0,1,HR,0
03.040140.0300,3x2-1/2 COUPLING CxC REDUC WROT,EA,0,1,,75,1,HR,0,0,1,HR,0
03.040140.0310,4x2 COUPLING CxC REDUC WROT,EA,0,1,,75,1,HR,0,0,1,HR,0
03.040140.0320,4x2-1/2 COUPLING CxC REDUC WROT,EA,0,1,,75,1,HR,0,0,1,HR,0
03.040140.0330,4x3 COUPLING CxC REDUC WROT,EA,0,1,,75,1,HR,0,0,1,HR,0
03.040140.0340,4x3-1/2 COUPLING CxC REDUC WROT,EA,0,1,,75,1,HR,0,0,1,HR,0
03.040140.0350,6x3 COUPLING CxC REDUC WROT,EA,0,1,,75,1,HR,0,0,1,HR,0
03.040140.0650,6x4 COUPLING CxC REDUC WROT,EA,0,1,,75,1,HR,0,0,1,HR,0
03.040150.0010,1-1/4x3/4 COUPLING CxC REDUC WROT,EA,0,1,,75,1,HR,0,0,1,HR,0
03.040160.0010,1/2 COUPLING CxC CROSSOVER WROT,EA,0,1,,75,1,HR,0,0,1,HR,0
03.040170.0010,1/4 ADAPTER CxM WROT,EA,0,1,,75,1,HR,0,0,1,HR,0
03.040170.0020,1/2 ADAPTER CxM WROT,EA,0,1,,75,1,HR,0,0,1,HR,0
03.040170.0030,3/4 ADAPTER CxM WROT,EA,0,1,,75,1,HR,0,0,1,HR,0
03.040170.0040,1 ADAPTER CxM WROT,EA,0,1,,75,1,HR,0,0,1,HR,0
03.040170.0050,1-1/4 ADAPTER CxM WROT,EA,0,1,,75,1,HR,0,0,1,HR,0
03.040170.0060,1-1/2 ADAPTER CxM WROT,EA,0,1,,75,1,HR,0,0,1,HR,0
03.040170.0070,2 ADAPTER CxM WROT,EA,0,1,,75,1,HR,0,0,1,HR,0
03.040170.0080,2-1/2 ADAPTER CxM WROT,EA,0,1,,75,1,HR,0,0,1,HR,0
03.040170.0170,3 ADAPTER CxM WROT,EA,0,1,,75,1,HR,0,0,1,HR,0
03.040180.0010,3/8 ADAPTER CxM REDUC WROT,EA,0,1,,75,1,HR,0,0,1,HR,0
03.040180.0020,1/2 ADAPTER CxM REDUC WROT,EA,0,1,,75,1,HR,0,0,1,HR,0
03.040180.0030,3/4 ADAPTER CxM REDUC WROT,EA,0,1,,75,1,HR,0,0,1,HR,0
03.040180.0040,1 ADAPTER CxM REDUC WROT,EA,0,1,,75,1,HR,0,0,1,HR,0
03.040180.0050,1-1/4 ADAPTER CxM REDUC WROT,EA,0,1,,75,1,HR,0,0,1,HR,0
03.040180.0110,1-1/2 ADAPTER CxM REDUC WROT,EA,0,1,,75,1,HR,0,0,1,HR,0
03.040190.0010,3/8 ADAPTER FTGxM WROT,EA,0,1,,75,1,HR,0,0,1,HR,0
03.040190.0020,1/2 ADAPTER FTGxM WROT,EA,0,1,,75,1,HR,0,0,1,HR,0
03.040190.0030,3/4 ADAPTER FTGxM WROT,EA,0,1,,75,1,HR,0,0,1,HR,0
03.040190.0040,1 ADAPTER FTGxM WROT,EA,0,1,,75,1,HR,0,0,1,HR,0
03.040190.0050,1-1/4 ADAPTER FTGxM WROT,EA,0,1,,75,1,HR,0,0,1,HR,0
03.040190.0060,1-1/2 ADAPTER FTGxM WROT,EA,0,1,,75,1,HR,0,0,1,HR,0
03.040190.0130,2 ADAPTER FTGxM WROT,EA,0,1,,75,1,HR,0,0,1,HR,0
03.040200.0010,1/4 PIPE CxF ADAPTER WROT,EA,0,1,,75,1,HR,0,0,1,HR,0
03.040200.0020,3/8 PIPE CxF ADAPTER WROT,EA,0,1,,75,1,HR,0,0,1,HR,0
03.040200.0030,1/2 PIPE CxF ADAPTER WROT,EA,0,1,,75,1,HR,0,0,1,HR,0
03.040200.0040,3/4 PIPE CxF ADAPTER WROT,EA,0,1,,75,1,HR,0,0,1,HR,0
03.040200.0050,1 PIPE CxF ADAPTER WROT,EA,0,1,,75,1,HR,0,0,1,HR,0
03.040200.0060,1-1/4 PIPE CxF ADAPTER WROT,EA,0,1,,75,1,HR,0,0,1,HR,0
03.040200.0070,1-1/2 PIPE CxF ADAPTER WROT,EA,0,1,,75,1,HR,0,0,1,HR,0
03.040200.0080,2 PIPE CxF ADAPTER WROT,EA,0,1,,75,1,HR,0,0,1,HR,0
03.040200.0090,2-1/2 PIPE CxF ADAPTER WROT,EA,0,1,,75,1,HR,0,0,1,HR,0
03.040200.0110,3 PIPE CxF ADAPTER WROT,EA,0,1,,75,1,HR,0,0,1,HR,0
03.040210.0010,3/8 PIPE CxF REDUC ADAPTER WROT,EA,0,1,,75,1,HR,0,0,1,HR,0
03.040210.0020,1/2 PIPE CxF REDUC ADAPTER WROT,EA,0,1,,75,1,HR,0,0,1,HR,0
03.040210.0030,3/4 PIPE CxF REDUC ADAPTER WROT,EA,0,1,,75,1,HR,0,0,1,HR,0
03.040210.0040,1 PIPE CxF REDUC ADAPTER WROT,EA,0,1,,75,1,HR,0,0,1,HR,0
03.040210.0050,1-1/4 PIPE CxF REDUC ADAPTER WROT,EA,0,1,,75,1,HR,0,0,1,HR,0
03.040210.0060,1-1/2 PIPE CxF REDUC ADAPTER WROT,EA,0,1,,75,1,HR,0,0,1,HR,0
03.040210.0130,2 PIPE CxF REDUC ADAPTER WROT,EA,0,1,,75,1,HR,0,0,1,HR,0
03.040220.0010,1/2 ADAPTER WROT,EA,0,1,,75,1,HR,0,0,1,HR,0
03.040230.0010,1/4x1/8 BUSHING FTGxC FLUSH WROT,EA,0,1,,75,1,HR,0,0,1,HR,0
03.040230.0020,3/8x1/4 BUSHING FTGxC FLUSH WROT,EA,0,1,,75,1,HR,0,0,1,HR,0
03.040230.0030,1/2x1/4 BUSHING FTGxC FLUSH WROT,EA,0,1,,75,1,HR,0,0,1,HR,0
03.040230.0040,1/2x3/8 BUSHING FTGxC FLUSH WROT,EA,0,1,,75,1,HR,0,0,1,HR,0
03.040230.0050,5/8x1/2 BUSHING FTGxC FLUSH WROT,EA,0,1,,75,1,HR,0,0,1,HR,0
03.040230.0060,3/4x3/8 BUSHING FTGxC FLUSH WROT,EA,0,1,,75,1,HR,0,0,1,HR,0
03.040230.0070,3/4x1/2 BUSHING FTGxC FLUSH WROT,EA,0,1,,75,1,HR,0,0,1,HR,0
03.040230.0080,3/4x5/8 BUSHING FTGxC FLUSH WROT,EA,0,1,,75,1,HR,0,0,1,HR,0
03.040230.0090,1x1/2 BUSHING FTGxC FLUSH WROT,EA,0,1,,75,1,HR,0,0,1,HR,0
03.040230.0100,1x3/4 BUSHING FTGxC FLUSH WROT,EA,0,1,,75,1,HR,0,0,1,HR,0
03.040230.0110,1-1/4x1 BUSHING FTGxC FLUSH WROT,EA,0,1,,75,1,HR,0,0,1,HR,0
03.040230.0120,1-1/2x1-1/4 BUSHING FTGxC FLUSH WROT,EA,0,1,,75,1,HR,0,0,1,HR,0
03.040230.0130,2x1-1/2 BUSHING FTGxC FLUSH WROT,EA,0,1,,75,1,HR,0,0,1,HR,0
03.040230.0190,3x2 BUSHING FTGxC FLUSH WROT,EA,0,1,,75,1,HR,0,0,1,HR,0
03.040240.0010,3/8 UNION CxC WROT,EA,0,1,,75,1,HR,0,0,1,HR,0
03.040240.0020,1/2 UNION CxC WROT,EA,0,1,,75,1,HR,0,0,1,HR,0
03.040240.0030,3/4 UNION CxC WROT,EA,0,1,,75,1,HR,0,0,1,HR,0
03.040240.0040,1 UNION CxC WROT,EA,0,1,,75,1,HR,0,0,1,HR,0
03.040240.0050,1-1/4 UNION CxC WROT,EA,0,1,,75,1,HR,0,0,1,HR,0
03.040240.0060,1-1/2 UNION CxC WROT,EA,0,1,,75,1,HR,0,0,1,HR,0
03.040240.0130,2 UNION CxC WROT,EA,0,1,,75,1,HR,0,0,1,HR,0
03.040250.0010,1/4 CAP WROT,EA,0,1,,75,1,HR,0,0,1,HR,0
03.040250.0020,3/8 CAP WROT,EA,0,1,,75,1,HR,0,0,1,HR,0
03.040250.0030,1/2 CAP WROT,EA,0,1,,75,1,HR,0,0,1,HR,0
03.040250.0040,3/4 CAP WROT,EA,0,1,,75,1,HR,0,0,1,HR,0
03.040250.0050,1 CAP WROT,EA,0,1,,75,1,HR,0,0,1,HR,0
03.040250.0060,1-1/4 CAP WROT,EA,0,1,,75,1,HR,0,0,1,HR,0
03.040250.0070,1-1/2 CAP WROT,EA,0,1,,75,1,HR,0,0,1,HR,0
03.040250.0080,2 CAP WROT,EA,0,1,,75,1,HR,0,0,1,HR,0
03.040250.0090,2-1/2 CAP WROT,EA,0,1,,75,1,HR,0,0,1,HR,0
03.040250.0110,3 CAP WROT,EA,0,1,,75,0.3,HR,0,0,1,HR,0
03.040260.0010,1/2 VALVE,EA,5.5,1,,75,1,HR,0,0,1,HR,0
03.040260.0020,3/4 VALVE,EA,5.69,1,,75,1,HR,0,0,1,HR,0
03.040260.0025,1 VALVE,EA,8.56,0,,75,1,HR,0,0,1,HR,0
03.040260.0030,1-1/4 VALVE,EA,14.2,1,,75,1,HR,0,0,1,HR,0
03.040260.0040,1-1/2 VALVE,EA,17.6,1,,75,1,HR,0,0,1,HR,0
03.040260.0050,2 VALVE,EA,21.96,1,,75,1,HR,0,0,1,HR,0
03.050010.0010,3/8 ELBOW CxF 90 CAST,EA,0,1,,75,1,HR,0,0,1,HR,0
03.050010.0020,1/2 ELBOW CxF 90 CAST,EA,0,1,,75,1,HR,0,0,1,HR,0
03.050010.0030,3/4 ELBOW CxF 90 CAST,EA,0,1,,75,1,HR,0,0,1,HR,0
03.050010.0040,1 ELBOW CxF 90 CAST,EA,0,1,,75,1,HR,0,0,1,HR,0
03.050010.0050,1-1/4 ELBOW CxF 90 CAST,EA,0,1,,75,1,HR,0,0,1,HR,0
03.050010.0060,1-1/2 ELBOW CxF 90 CAST,EA,0,1,,75,1,HR,0,0,1,HR,0
03.050010.0130,2 ELBOW CxF 90 CAST,EA,0,1,,75,1,HR,0,0,1,HR,0
03.050020.0010,1/2x1/4 ELBOW CxF 90 REDUC CAST,EA,0,1,,75,1,HR,0,0,1,HR,0
03.050020.0020,3/4x1/2 ELBOW CxF 90 REDUC CAST,EA,0,1,,75,1,HR,0,0,1,HR,0
03.050020.0030,1x3/4 ELBOW CxF 90 REDUC CAST,EA,0,1,,75,1,HR,0,0,1,HR,0
03.050020.0070,1-1/4x1 ELBOW CxF 90 REDUC CAST,EA,0,1,,75,1,HR,0,0,1,HR,0
03.050030.0010,3/4 COUPLING CxC CROSSOVER,EA,0,1,,75,1,HR,0,0,1,HR,0
03.050030.0030,1/2 COUPLING CxC CROSSOVER,EA,0,1,,75,1,HR,0,0,1,HR,0
03.050040.0010,1/2 ELBOW CxC 45 SHORT CAST,EA,0,1,,75,1,HR,0,0,1,HR,0
03.050040.0020,3/4 ELBOW CxC 45 SHORT CAST,EA,0,1,,75,1,HR,0,0,1,HR,0
03.050040.0030,1 ELBOW CxC 45 SHORT CAST,EA,0,1,,75,1,HR,0,0,1,HR,0
03.050040.0040,1-1/4 ELBOW CxC 45 SHORT CAST,EA,0,1,,75,1,HR,0,0,1,HR,0
03.050040.0050,1-1/2 ELBOW CxC 45 SHORT CAST,EA,0,1,,75,1,HR,0,0,1,HR,0
03.050040.0060,2 ELBOW CxC 45 SHORT CAST,EA,0,1,,75,1,HR,0,0,1,HR,0
03.050040.0070,2-1/2 ELBOW CxC 45 SHORT CAST,EA,0,1,,75,1,HR,0,0,1,HR,0
03.050040.0080,3 ELBOW CxC 45 SHORT CAST,EA,0,1,,75,1,HR,0,0,1,HR,0
03.050040.0170,4 ELBOW CxC 45 SHORT CAST,EA,0,1,,75,1,HR,0,0,1,HR,0
03.050050.0010,1/2 ELBOW CxC 90 SHORT CAST,EA,0,1,,75,1,HR,0,0,1,HR,0
03.050050.0020,3/4 ELBOW CxC 90 SHORT CAST,EA,0,1,,75,1,HR,0,0,1,HR,0
03.050050.0030,1 ELBOW CxC 90 SHORT CAST,EA,0,1,,75,1,HR,0,0,1,HR,0
03.050050.0040,1-1/4 ELBOW CxC 90 SHORT CAST,EA,0,1,,75,1,HR,0,0,1,HR,0
03.050050.0050,1-1/2 ELBOW CxC 90 SHORT CAST,EA,0,1,,75,1,HR,0,0,1,HR,0
03.050050.0060,2 ELBOW CxC 90 SHORT CAST,EA,0,1,,75,1,HR,0,0,1,HR,0
03.050050.0070,2-1/2 ELBOW CxC 90 SHORT CAST,EA,0,1,,75,1,HR,0,0,1,HR,0
03.050050.0080,3 ELBOW CxC 90 SHORT CAST,EA,0,1,,75,1,HR,0,0,1,HR,0
03.050050.0090,3-1/2 ELBOW CxC 90 SHORT CAST,EA,0,1,,75,1,HR,0,0,1,HR,0
03.050050.0100,4 ELBOW CxC 90 SHORT CAST,EA,0,1,,75,1,HR,0,0,1,HR,0
03.050050.0110,5 ELBOW CxC 90 SHORT CAST,EA,0,1,,75,1,HR,0,0,1,HR,0
03.050050.0120,6 ELBOW CxC 90 SHORT CAST,EA,0,1,,75,1,HR,0,0,1,HR,0
03.050050.0130,8 ELBOW CxC 90 SHORT CAST,EA,0,1,,75,1,HR,0,0,1,HR,0
03.050050.0190,10 ELBOW CxC 90 SHORT CAST,EA,0,1,,75,1,HR,0,0,1,HR,0
03.050060.0010,1/2 ELBOW CxC 45 LONG CAST,EA,0,1,,75,1,HR,0,0,1,HR,0
03.050060.0020,3/4 ELBOW CxC 45 LONG CAST,EA,0,1,,75,1,HR,0,0,1,HR,0
03.050060.0030,1 ELBOW CxC 45 LONG CAST,EA,0,1,,75,1,HR,0,0,1,HR,0
03.050060.0040,1-1/4 ELBOW CxC 45 LONG CAST,EA,0,1,,75,1,HR,0,0,1,HR,0
03.050060.0050,1-1/2 ELBOW CxC 45 LONG CAST,EA,0,1,,75,1,HR,0,0,1,HR,0
03.050060.0060,2 ELBOW CxC 45 LONG CAST,EA,0,1,,75,1,HR,0,0,1,HR,0
03.050060.0070,2-1/2 ELBOW CxC 45 LONG CAST,EA,0,1,,75,1,HR,0,0,1,HR,0
03.050060.0080,3 ELBOW CxC 45 LONG CAST,EA,0,1,,75,1,HR,0,0,1,HR,0
03.050060.0090,3-1/2 ELBOW CxC 45 LONG CAST,EA,0,1,,75,1,HR,0,0,1,HR,0
03.050060.0100,4 ELBOW CxC 45 LONG CAST,EA,0,1,,75,0.4,HR,0,0,1,HR,0
03.050060.0110,5 ELBOW CxC 45 LONG CAST,EA,0,1,,75,0.3,HR,0,0,1,HR,0
03.050060.0120,6 ELBOW CxC 45 LONG CAST,EA,0,1,,75,0.45,HR,0,0,1,HR,0
03.050060.0130,8 ELBOW CxC 45 LONG CAST,EA,0,1,,75,1,HR,0,0,1,HR,0
03.050060.0190,10 ELBOW CxC 45 LONG CAST,EA,0,1,,75,0.4,HR,0,0,1,HR,0
03.050070.0010,1/2 ELBOW CxC 90 REDUC CAST,EA,0,1,,75,0.5,HR,0,0,1,HR,0
03.050070.0020,3/4 ELBOW CxC 90 REDUC CAST,EA,0,1,,75,0.75,HR,0,0,1,HR,0
03.050070.0030,1 ELBOW CxC 90 REDUC CAST,EA,0,1,,75,1,HR,0,0,1,HR,0
03.050070.0040,1-1/4 ELBOW CxC 90 REDUC CAST,EA,0,1,,75,1,HR,0,0,1,HR,0
03.050070.0050,1-1/2 ELBOW CxC 90 REDUC CAST,EA,0,1,,75,1,HR,0,0,1,HR,0
03.050070.0060,2 ELBOW CxC 90 REDUC CAST,EA,0,1,,75,1,HR,0,0,1,HR,0
03.050070.0070,2-1/2 ELBOW CxC 90 REDUC CAST,EA,0,1,,75,1,HR,0,0,1,HR,0
03.050070.0080,3 ELBOW CxC 90 REDUC CAST,EA,0,1,,75,1,HR,0,0,1,HR,0
03.050070.0090,4 ELBOW CxC 90 REDUC CAST,EA,0,1,,75,1,HR,0,0,1,HR,0
03.050070.0100,5 ELBOW CxC 90 REDUC CAST,EA,0,1,,75,1,HR,0,0,1,HR,0
03.050070.0110,6 ELBOW CxC 90 REDUC CAST,EA,0,1,,75,1,HR,0,0,1,HR,0
03.050070.0120,8 ELBOW CxC 90 REDUC CAST,EA,0,1,,75,1,HR,0,0,1,HR,0
03.050070.0170,10 ELBOW CxC 90 REDUC CAST,EA,0,1,,75,1,HR,0,0,1,HR,0
03.050080.0010,1/2 TEE CxC CAST,EA,0,1,,75,1,HR,0,0,1,HR,0
03.050080.0020,3/4 TEE CxC CAST,EA,0,1,,75,1,HR,0,0,1,HR,0
03.050080.0030,1 TEE CxC CAST,EA,0,1,,75,1,HR,0,0,1,HR,0
03.050080.0040,1-1/4 TEE CxC CAST,EA,0,1,,75,1,HR,0,0,1,HR,0
03.050080.0050,1-1/2 TEE CxC CAST,EA,0,1,,75,1,HR,0,0,1,HR,0
03.050080.0060,2 TEE CxC CAST,EA,0,1,,75,1,HR,0,0,1,HR,0
03.050080.0070,2-1/2 TEE CxC CAST,EA,0,1,,75,1,HR,0,0,1,HR,0
03.050080.0080,3 TEE CxC CAST,EA,0,1,,75,1,HR,0,0,1,HR,0
03.050080.0090,3-1/2 TEE CxC CAST,EA,0,1,,75,1,HR,0,0,1,HR,0
03.050080.0110,4 TEE CxC CAST,EA,0,1,,75,1,HR,0,0,1,HR,0
03.050090.0010,1/2 TEE CxC REDUC CAST,EA,0,1,,75,1,HR,0,0,1,HR,0
03.050090.0020,3/4 TEE CxC REDUC CAST,EA,0,1,,75,1,HR,0,0,1,HR,0
03.050090.0030,1 TEE CxC REDUC CAST,EA,0,1,,75,1,HR,0,0,1,HR,0
03.050090.0040,1-1/4 TEE CxC REDUC CAST,EA,0,1,,75,1,HR,0,0,1,HR,0
03.050090.0050,1-1/2 TEE CxC REDUC CAST,EA,0,1,,75,1,HR,0,0,1,HR,0
03.050090.0060,2 TEE CxC REDUC CAST,EA,0,1,,75,1,HR,0,0,1,HR,0
03.050090.0070,2-1/2 TEE CxC REDUC CAST,EA,0,1,,75,1,HR,0,0,1,HR,0
03.050090.0080,3 TEE CxC REDUC CAST,EA,0,1,,75,1,HR,0,0,1,HR,0
03.050090.0170,3-1/2 TEE CxC REDUC CAST,EA,0,1,,75,1,HR,0,0,1,HR,0
03.050100.0010,3/8 TEE CxC CAST,EA,0,1,,75,1,HR,0,0,1,HR,0
03.050100.0020,1/2 TEE CxC CAST,EA,0,1,,75,1,HR,0,0,1,HR,0
03.050100.0030,3/4 TEE CxC CAST,EA,0,1,,75,1,HR,0,0,1,HR,0
03.050100.0040,1 TEE CxC CAST,EA,0,1,,75,1,HR,0,0,1,HR,0
03.050100.0050,1-1/4 TEE CxC CAST,EA,0,1,,75,1,HR,0,0,1,HR,0
03.050100.0110,1-1/2 TEE CxC CAST,EA,0,1,,75,1,HR,0,0,1,HR,0
03.050110.0010,1/4x1/4x1/8 TEE CxC REDUC CAST,EA,0,1,,75,1,HR,0,0,1,HR,0
03.050110.0020,3/8x3/8x1/2 TEE CxC REDUC CAST,EA,0,1,,75,1,HR,0,0,1,HR,0
03.050110.0030,3/8x3/8x1/4 TEE CxC REDUC CAST,EA,0,1,,75,1,HR,0,0,1,HR,0
03.050110.0040,1/2x1/2x3/4 TEE CxC REDUC CAST,EA,0,1,,75,1,HR,0,0,1,HR,0
03.050110.0050,1/2x1/2x3/8 TEE CxC REDUC CAST,EA,0,1,,75,1,HR,0,0,1,HR,0
03.050110.0060,1/2x1/2x1/4 TEE CxC REDUC CAST,EA,0,1,,75,1,HR,0,0,1,HR,0
03.050110.0070,1/2x1/2x1/8 TEE CxC REDUC CAST,EA,0,1,,75,1,HR,0,0,1,HR,0
03.050110.0080,3/4x3/4x1 TEE CxC REDUC CAST,EA,0,1,,75,1,HR,0,0,1,HR,0
03.050110.0090,3/4x3/4x1/2 TEE CxC REDUC CAST,EA,0,1,,75,1,HR,0,0,1,HR,0
03.050110.0100,3/4x3/4x3/8 TEE CxC REDUC CAST,EA,0,1,,75,1,HR,0,0,1,HR,0
03.050110.0110,3/4x1/2x3/4 TEE CxC REDUC CAST,EA,0,1,,75,1,HR,0,0,1,HR,0
03.050110.0120,1x1x3/4 TEE CxC REDUC CAST,EA,0,1,,75,1,HR,0,0,1,HR,0
03.050110.0130,1x1x1/2 TEE CxC REDUC CAST,EA,0,1,,75,1,HR,0,0,1,HR,0
03.050110.0140,1x1x3/8 TEE CxC REDUC CAST,EA,0,1,,75,1,HR,0,0,1,HR,0
03.050110.0150,1-1/4x1-1/4x1 TEE CxC REDUC CAST,EA,0,1,,75,1,HR,0,0,1,HR,0
03.050110.0160,1-1/4x1/4x3/4 TEE CxC REDUC CAST,EA,0,1,,75,1,HR,0,0,1,HR,0
03.050110.0170,1-1/4x1/4x1/2 TEE CxC REDUC CAST,EA,0,1,,75,1,HR,0,0,1,HR,0
03.050110.0180,1-1/2x1-1/2x1 TEE CxC REDUC CAST,EA,0,1,,75,1,HR,0,0,1,HR,0
03.050110.0190,1-1/2x1-1/2x3/4 TEE CxC REDUC CAST,EA,0,1,,75,1,HR,0,0,1,HR,0
03.050110.0200,1-1/2x1-1/2x1/2 TEE CxC REDUC CAST,EA,0,1,,75,1,HR,0,0,1,HR,0
03.050110.0210,2x2x1 TEE CxC REDUC CAST,EA,0,1,,75,1,HR,0,0,1,HR,0
03.050110.0220,2x2x3/4 TEE CxC REDUC CAST,EA,0,1,,75,1,HR,0,0,1,HR,0
03.050110.0380,2x2x1/2 TEE CxC REDUC CAST,EA,0,1,,75,1,HR,0,0,1,HR,0
03.050120.0010,1/2 CAP CAST,EA,0,1,,75,1,HR,0,0,1,HR,0
03.050120.0020,3/4 CAP CAST,EA,0,1,,75,1,HR,0,0,1,HR,0
03.050120.0030,1 CAP CAST,EA,0,1,,75,1,HR,0,0,1,HR,0
03.050120.0040,1-1/4 CAP CAST,EA,0,1,,75,1,HR,0,0,1,HR,0
03.050120.0050,1-1/2 CAP CAST,EA,0,1,,75,1,HR,0,0,1,HR,0
03.050120.0060,2 CAP CAST,EA,0,1,,75,1,HR,0,0,1,HR,0
03.050120.0070,2-1/2 CAP CAST,EA,0,1,,75,1,HR,0,0,1,HR,0
03.050120.0080,3 CAP CAST,EA,0,1,,75,1,HR,0,0,1,HR,0
03.050120.0090,3-1/2 CAP CAST,EA,0,1,,75,1,HR,0,0,1,HR,0
03.050120.0110,4 CAP CAST,EA,0,1,,75,1,HR,0,0,1,HR,0
03.050130.0010,1/2 COUPLING CxC CAST,EA,0,1,,75,1,HR,0,0,1,HR,0
03.050130.0020,3/4 COUPLING CxC CAST,EA,0,1,,75,1,HR,0,0,1,HR,0
03.050130.0030,1 COUPLING CxC CAST,EA,0,1,,75,1,HR,0,0,1,HR,0
03.050130.0040,1-1/4 COUPLING CxC CAST,EA,0,1,,75,1,HR,0,0,1,HR,0
03.050130.0050,1-1/2 COUPLING CxC CAST,EA,0,1,,75,1,HR,0,0,1,HR,0
03.050130.0060,2 COUPLING CxC CAST,EA,0,1,,75,1,HR,0,0,1,HR,0
03.050130.0070,2-1/2 COUPLING CxC CAST,EA,0,1,,75,1,HR,0,0,1,HR,0
03.050130.0080,3 COUPLING CxC CAST,EA,0,1,,75,1,HR,0,0,1,HR,0
03.050130.0090,3-1/2 COUPLING CxC CAST,EA,0,1,,75,1,HR,0,0,1,HR,0
03.050130.0100,4 COUPLING CxC CAST,EA,0,1,,75,1,HR,0,0,1,HR,0
03.050130.0110,5 COUPLING CxC CAST,EA,0,1,,75,1,HR,0,0,1,HR,0
03.050130.0120,6 COUPLING CxC CAST,EA,0,1,,75,1,HR,0,0,1,HR,0
03.050130.0130,8 COUPLING CxC CAST,EA,0,1,,75,1,HR,0,0,1,HR,0
03.050130.0190,10 COUPLING CxC CAST,EA,0,1,,75,1,HR,0,0,1,HR,0
03.050140.0010,1/2 UNION CxC CAST,EA,0,1,,75,1,HR,0,0,1,HR,0
03.050140.0020,3/4 UNION CxC CAST,EA,0,1,,75,1,HR,0,0,1,HR,0
03.050140.0030,1 UNION CxC CAST,EA,0,1,,75,1,HR,0,0,1,HR,0
03.050140.0040,1-1/4 UNION CxC CAST,EA,0,1,,75,1,HR,0,0,1,HR,0
03.050140.0050,1-1/2 UNION CxC CAST,EA,0,1,,75,1,HR,0,0,1,HR,0
03.050140.0060,2 UNION CxC CAST,EA,0,1,,75,1,HR,0,0,1,HR,0
03.050140.0070,2-1/2 UNION CxC CAST,EA,0,1,,75,1,HR,0,0,1,HR,0
03.050140.0150,3 UNION CxC CAST,EA,0,1,,75,1,HR,0,0,1,HR,0
03.060010.0010,1-1/4 ELBOW CxC 22-1/2 DWV CAST,EA,0,1,,75,1,HR,0,0,1,HR,0
03.060010.0020,1-1/2 ELBOW CxC 22-1/2 DWV CAST,EA,0,1,,75,1,HR,0,0,1,HR,0
03.060010.0030,2 ELBOW CxC 22-1/2 DWV CAST,EA,0,1,,75,1,HR,0,0,1,HR,0
03.060010.0040,3 ELBOW CxC 22-1/2 DWV CAST,EA,0,1,,75,1,HR,0,0,1,HR,0
03.060010.0050,1-1/2 ELBOW CxC DWV CAST,EA,0,1,,75,1,HR,0,0,1,HR,0
03.060010.0060,2 ELBOW CxC DWV CAST,EA,0,1,,75,1,HR,0,0,1,HR,0
03.060010.0130,3 ELBOW CxC DWV CAST,EA,0,1,,75,1,HR,0,0,1,HR,0
03.060020.0010,1-1/4 TEE CxC DWV 90 CAST,EA,0,1,,75,1,HR,0,0,1,HR,0
03.060020.0020,1-1/2 TEE CxC DWV 90 CAST,EA,0,1,,75,1,HR,0,0,1,HR,0
03.060020.0050,2 TEE CxC DWV 90 CAST,EA,0,1,,75,1,HR,0,0,1,HR,0
03.060030.0010,1-1/4 WYE CxC DWV CAST,EA,0,1,,75,1,HR,0,0,1,HR,0
03.060030.0020,1-1/2 WYE CxC DWV CAST,EA,0,1,,75,1,HR,0,0,1,HR,0
03.060030.0030,2 WYE CxC DWV CAST,EA,0,1,,75,1,HR,0,0,1,HR,0
03.060030.0040,3 WYE CxC DWV CAST,EA,0,1,,75,1,HR,0,0,1,HR,0
03.060030.0090,4 WYE CxC DWV CAST,EA,0,1,,75,1,HR,0,0,1,HR,0
03.060040.0010,2 WYE CxC CxC DOUBLE DWV,EA,0,1,,75,1,HR,0,0,1,HR,0
03.060040.0030,3 WYE CxC CxC DOUBLE DWV,EA,0,1,,75,1,HR,0,0,1,HR,0
03.060050.0010,1-1/2 WYE CxC CxC DOUBLE DWV REDUC,EA,0,1,,75,1,HR,0,0,1,HR,0
03.060050.0020,2 WYE CxC CxC DOUBLE DWV REDUC,EA,0,1,,75,1,HR,0,0,1,HR,0
03.060050.0050,3 WYE CxC CxC DOUBLE DWV REDUC,EA,0,1,,75,1,HR,0,0,1,HR,0
03.060060.0010,1-1/4 TEE CxC SANITARY DOUBLE,EA,0,1,,75,1,HR,0,0,1,HR,0
03.060060.0020,1-1/2 TEE CxC SANITARY DOUBLE,EA,0,1,,75,1,HR,0,0,1,HR,0
03.060060.0050,2 TEE CxC SANITARY DOUBLE,EA,0,1,,75,1,HR,0,0,1,HR,0
03.060070.0010,1-1/2 TEE CxC SANITARY DOUBLE REDUC,EA,0,1,,75,1,HR,0,0,1,HR,0
03.060070.0020,2 TEE CxC SANITARY DOUBLE REDUC,EA,0,1,,75,1,HR,0,0,1,HR,0
03.060070.0030,3 TEE CxC SANITARY DOUBLE REDUC,EA,0,1,,75,1,HR,0,0,1,HR,0
03.060070.0070,4 TEE CxC SANITARY DOUBLE REDUC,EA,0,1,,75,1,HR,0,0,1,HR,0
03.060080.0010,1-1/4 P-TRAP DWV,EA,0,1,,75,1,HR,0,0,1,HR,0
03.060080.0020,1-1/2 P-TRAP DWV,EA,0,1,,75,1,HR,0,0,1,HR,0
03.060080.0030,2 P-TRAP DWV,EA,0,1,,75,1,HR,0,0,1,HR,0
03.060080.0070,3 P-TRAP DWV,EA,0,1,,75,1,HR,0,0,1,HR,0
03.060090.0010,1-1/4 CLEANOUT DWV,EA,0,1,,75,1,HR,0,0,1,HR,0
03.060090.0020,1-1/2 CLEANOUT DWV,EA,0,1,,75,1,HR,0,0,1,HR,0
03.060090.0030,2 CLEANOUT DWV,EA,0,1,,75,1,HR,0,0,1,HR,0
03.060090.0040,3 CLEANOUT DWV,EA,0,1,,75,1,HR,0,0,1,HR,0
03.060090.0090,4 CLEANOUT DWV,EA,0,1,,75,1,HR,0,0,1,HR,0
03.060100.0010,1-1/4 CLEANOUT DWV FLUSH,EA,0,1,,75,1,HR,0,0,1,HR,0
03.060100.0020,1-1/2 CLEANOUT DWV FLUSH,EA,0,1,,75,1,HR,0,0,1,HR,0
03.060100.0030,2 CLEANOUT DWV FLUSH,EA,0,1,,75,1,HR,0,0,1,HR,0
03.060100.0040,3 CLEANOUT DWV FLUSH,EA,0,1,,75,1,HR,0,0,1,HR,0
03.060100.0090,4 CLEANOUT DWV FLUSH,EA,0,1,,75,1,HR,0,0,1,HR,0
03.060110.0010,1-1/4 ADAPTER DWV CxM MALE,EA,0,1,,75,1,HR,0,0,1,HR,0
03.060110.0020,1-1/2 ADAPTER DWV CxM MALE,EA,0,1,,75,1,HR,0,0,1,HR,0
03.060110.0030,2 ADAPTER DWV CxM MALE,EA,0,1,,75,1,HR,0,0,1,HR,0
03.060110.0040,3 ADAPTER DWV CxM MALE,EA,0,1,,75,1,HR,0,0,1,HR,0
03.060110.0090,4 ADAPTER DWV CxM MALE,EA,0,1,,75,1,HR,0,0,1,HR,0
03.060120.0010,1-1/4 ADAPTER DWV CxF FEMALE,EA,0,1,,75,1,HR,0,0,1,HR,0
03.060120.0020,1-1/2 ADAPTER DWV CxF FEMALE,EA,0,1,,75,1,HR,0,0,1,HR,0
03.060120.0030,2 ADAPTER DWV CxF FEMALE,EA,0,1,,75,1,HR,0,0,1,HR,0
03.060120.0040,3 ADAPTER DWV CxF FEMALE,EA,0,1,,75,1,HR,0,0,1,HR,0
03.060120.0090,4 ADAPTER DWV CxF FEMALE,EA,0,1,,75,1,HR,0,0,1,HR,0
03.060130.0010,1-1/2 ADAPTER DWV CxNH,EA,0,1,,75,1,HR,0,0,1,HR,0
03.060130.0020,2 ADAPTER DWV CxNH,EA,0,1,,75,1,HR,0,0,1,HR,0
03.060130.0030,3 ADAPTER DWV CxNH,EA,0,1,,75,1,HR,0,0,1,HR,0
03.060130.0070,4 ADAPTER DWV CxNH,EA,0,1,,75,1,HR,0,0,1,HR,0
03.060140.0010,2 ADAPTER DWV CxNH REDUC,EA,0,1,,75,1,HR,0,0,1,HR,0
03.060140.0020,3 ADAPTER DWV CxNH REDUC,EA,0,1,,75,1,HR,0,0,1,HR,0
03.060140.0050,4 ADAPTER DWV CxNH REDUC,EA,0,1,,75,1,HR,0,0,1,HR,0
03.070010.0010,1-1/4 ELBOW CxC DWV 90 WROT,EA,0,1,,75,1,HR,0,0,1,HR,0
03.070010.0020,1-1/2 ELBOW CxC DWV 90 WROT,EA,0,1,,75,1,HR,0,0,1,HR,0
03.070010.0030,2 ELBOW CxC DWV 90 WROT,EA,0,1,,75,1,HR,0,0,1,HR,0
03.070010.0040,3 ELBOW CxC DWV 90 WROT,EA,0,1,,75,1,HR,0,0,1,HR,0
03.070010.0090,4 ELBOW CxC DWV 90 WROT,EA,0,1,,75,1,HR,0,0,1,HR,0
03.070020.0010,1-1/4 ELBOW CxC DWV 45 WROT,EA,0,1,,75,1,HR,0,0,1,HR,0
03.070020.0020,1-1/2 ELBOW CxC DWV 45 WROT,EA,0,1,,75,1,HR,0,0,1,HR,0
03.070020.0030,2 ELBOW CxC DWV 45 WROT,EA,0,1,,75,1,HR,0,0,1,HR,0
03.070020.0040,3 ELBOW CxC DWV 45 WROT,EA,0,1,,75,1,HR,0,0,1,HR,0
03.070020.0090,4 ELBOW CxC DWV 45 WROT,EA,0,1,,75,1,HR,0,0,1,HR,0
03.070030.0010,1-1/4 ELBOW CxF DWV 90 WROT,EA,0,1,,75,1,HR,0,0,1,HR,0
03.070030.0020,1-1/2 ELBOW CxF DWV 90 WROT,EA,0,1,,75,1,HR,0,0,1,HR,0
03.070030.0030,2 ELBOW CxF DWV 90 WROT,EA,0,1,,75,1,HR,0,0,1,HR,0
03.070030.0040,3 ELBOW CxF DWV 90 WROT,EA,0,1,,75,1,HR,0,0,1,HR,0
03.070030.0090,4 ELBOW CxF DWV 90 WROT,EA,0,1,,75,1,HR,0,0,1,HR,0
03.070040.0010,1-1/4 ELBOW CxF DWV 45 WROT,EA,0,1,,75,1,HR,0,0,1,HR,0
03.070040.0020,1-1/2 ELBOW CxF DWV 45 WROT,EA,0,1,,75,1,HR,0,0,1,HR,0
03.070040.0030,2 ELBOW CxF DWV 45 WROT,EA,0,1,,75,1,HR,0,0,1,HR,0
03.070040.0040,3 ELBOW CxF DWV 45 WROT,EA,0,1,,75,1,HR,0,0,1,HR,0
03.070040.0090,4 ELBOW CxF DWV 45 WROT,EA,0,1,,75,1,HR,0,0,1,HR,0
03.070050.0010,1-1/4 COUPLING DWV CxC,EA,0,1,,75,1,HR,0,0,1,HR,0
03.070050.0020,1-1/2 COUPLING DWV CxC,EA,0,1,,75,1,HR,0,0,1,HR,0
03.070050.0030,2 COUPLING DWV CxC,EA,0,1,,75,1,HR,0,0,1,HR,0
03.070050.0040,3 COUPLING DWV CxC,EA,0,1,,75,1,HR,0,0,1,HR,0
03.070050.0090,4 COUPLING DWV CxC,EA,0,1,,75,1,HR,0,0,1,HR,0
03.070060.0010,1-1/2x1-1/4 COUPLING DWV CxC REDUC,EA,0,1,,75,1,HR,0,0,1,HR,0
03.070060.0020,2x1-1/2 COUPLING DWV CxC REDUC,EA,0,1,,75,1,HR,0,0,1,HR,0
03.070060.0050,3x2 COUPLING DWV CxC REDUC,EA,0,1,,75,1,HR,0,0,1,HR,0
03.070070.0010,1-1/2x1-1/4 BUSHING DWV FTGxC WROT,EA,0,1,,75,1,HR,0,0,1,HR,0
03.070070.0020,2x1-1/2 BUSHING DWV FTGxC WROT,EA,0,1,,75,1,HR,0,0,1,HR,0
03.070070.0050,3x2 BUSHING DWV FTGxC WROT,EA,0,1,,75,1,HR,0,0,1,HR,0
03.070080.0010,1-1/4 CAP DWV,EA,0,1,,75,1,HR,0,0,1,HR,0
03.070080.0020,1-1/2 CAP DWV,EA,0,1,,75,1,HR,0,0,1,HR,0
03.070080.0030,2 CAP DWV,EA,0,1,,75,1,HR,0,0,1,HR,0
03.070080.0040,3 CAP DWV,EA,0,1,,75,1,HR,0,0,1,HR,0
03.070080.0090,4 CAP DWV,EA,0,1,,75,1,HR,0,0,1,HR,0
03.080010.0010,1/8 COUPLING BRASS THREADED,EA,0,1,,75,1,HR,0,0,1,HR,0
03.080010.0020,1/4 COUPLING BRASS THREADED,EA,0,1,,75,1,HR,0,0,1,HR,0
03.080010.0030,3/8 COUPLING BRASS THREADED,EA,0,1,,75,1,HR,0,0,1,HR,0
03.080010.0040,1/2 COUPLING BRASS THREADED,EA,0,1,,75,1,HR,0,0,1,HR,0
03.080010.0050,3/4 COUPLING BRASS THREADED,EA,0,1,,75,1,HR,0,0,1,HR,0
03.080010.0060,1 COUPLING BRASS THREADED,EA,0,1,,75,1,HR,0,0,1,HR,0
03.080010.0070,1-1/4 COUPLING BRASS THREADED,EA,0,1,,75,1,HR,0,0,1,HR,0
03.080010.0080,1-1/2 COUPLING BRASS THREADED,EA,0,1,,75,1,HR,0,0,1,HR,0
03.080010.0090,2 COUPLING BRASS THREADED,EA,0,1,,75,1,HR,0,0,1,HR,0
03.080010.0110,2-1/2 COUPLING BRASS THREADED,EA,0,1,,75,1,HR,0,0,1,HR,0
03.080020.0010,1/4x1/8 REDUCER BRASS THREADED,EA,0,1,,75,1,HR,0,0,1,HR,0
03.080020.0020,3/8x1/8 REDUCER BRASS THREADED,EA,0,1,,75,1,HR,0,0,1,HR,0
03.080020.0030,3/8x1/4 REDUCER BRASS THREADED,EA,0,1,,75,1,HR,0,0,1,HR,0
03.080020.0040,1/2x1/4 REDUCER BRASS THREADED,EA,0,1,,75,0.2,HR,0,0,1,HR,0
03.080020.0050,1/2x3/8 REDUCER BRASS THREADED,EA,0,1,,75,0.25,HR,0,0,1,HR,0
03.080020.0060,3/4x3/8 REDUCER BRASS THREADED,EA,0,1,,75,4.44,HR,0,0,1,HR,0
03.080020.0070,3/4x1/2 REDUCER BRASS THREADED,EA,0,1,,75,0.25,HR,0,0,1,HR,0
03.080020.0080,1x1/2 REDUCER BRASS THREADED,EA,0,1,,75,0.3,HR,0,0,1,HR,0
03.080020.0090,1x3/4 REDUCER BRASS THREADED,EA,0,1,,75,0.35,HR,0,0,1,HR,0
03.080020.0100,1-1/4x3/4 REDUCER BRASS THREADED,EA,0,1,,75,0.35,HR,0,0,1,HR,0
03.080020.0110,1-1/4x1 REDUCER BRASS THREADED,EA,0,1,,75,0.5,HR,0,0,1,HR,0
03.080020.0120,1-1/2x3/4 REDUCER BRASS THREADED,EA,0,1,,75,1,HR,0,0,1,HR,0
03.080020.0130,1-1/2x1 REDUCER BRASS THREADED,EA,0,1,,75,0.65,HR,0,0,1,HR,0
03.080020.0186,1-1/2x1-1/4 REDUCER BRASS THREADED,EA,0,1,,75,1,HR,0,0,1,HR,0
03.080020.0190,2x1-1/2 REDUCER BRASS THREADED,EA,0,1,,75,1,HR,0,0,1,HR,0
03.080020.0194,2-1/2x2 REDUCER BRASS THREADED,EA,0,1,,75,1,HR,0,0,1,HR,0
03.080030.0010,1/4 ELBOW BRASS 45,EA,0,1,,75,1,HR,0,0,1,HR,0
03.080030.0020,1/2 ELBOW BRASS 45,EA,0,1,,75,1,HR,0,0,1,HR,0
03.080030.0030,3/4 ELBOW BRASS 45,EA,0,1,,75,1,HR,0,0,1,HR,0
03.080030.0040,1 ELBOW BRASS 45,EA,0,1,,75,1,HR,0,0,1,HR,0
03.080030.0050,1-1/4 ELBOW BRASS 45,EA,0,1,,75,1,HR,0,0,1,HR,0
03.080030.0060,1-1/2 ELBOW BRASS 45,EA,0,1,,75,1,HR,0,0,1,HR,0
03.080030.0130,2 ELBOW BRASS 45,EA,0,1,,75,1,HR,0,0,1,HR,0
03.080040.0010,1/4 ELBOW BRASS 90,EA,0,1,,75,1,HR,0,0,1,HR,0
03.080040.0020,1/2 ELBOW BRASS 90,EA,0,1,,75,1,HR,0,0,1,HR,0
03.080040.0030,3/4 ELBOW BRASS 90,EA,0,1,,75,1,HR,0,0,1,HR,0
03.080040.0040,1 ELBOW BRASS 90,EA,0,1,,75,1,HR,0,0,1,HR,0
03.080040.0050,1-1/4 ELBOW BRASS 90,EA,0,1,,75,1,HR,0,0,1,HR,0
03.080040.0060,1-1/2 ELBOW BRASS 90,EA,0,1,,75,1,HR,0,0,1,HR,0
03.080040.0130,2 ELBOW BRASS 90,EA,0,1,,75,1,HR,0,0,1,HR,0
03.080050.0010,1/4 ELBOW BRASS 90 REDUC,EA,0,1,,75,1,HR,0,0,1,HR,0
03.080050.0020,1/2 ELBOW BRASS 90 REDUC,EA,0,1,,75,1,HR,0,0,1,HR,0
03.080050.0030,3/4 ELBOW BRASS 90 REDUC,EA,0,1,,75,1,HR,0,0,1,HR,0
03.080050.0040,1 ELBOW BRASS 90 REDUC,EA,0,1,,75,1,HR,0,0,1,HR,0
03.080050.0050,1-1/4 ELBOW BRASS 90 REDUC,EA,0,1,,75,1,HR,0,0,1,HR,0
03.080050.0060,1-1/2 ELBOW BRASS 90 REDUC,EA,0,1,,75,1,HR,0,0,1,HR,0
03.080050.0130,2 ELBOW BRASS 90 REDUC,EA,0,1,,75,1,HR,0,0,1,HR,0
03.080060.0010,1/8 TEE BRASS 125,EA,0,1,,75,1,HR,0,0,1,HR,0
03.080060.0020,1/4 TEE BRASS 125,EA,0,1,,75,1,HR,0,0,1,HR,0
03.080060.0030,3/8 TEE BRASS 125,EA,0,1,,75,1,HR,0,0,1,HR,0
03.080060.0040,1/2 TEE BRASS 125,EA,0,1,,75,1,HR,0,0,1,HR,0
03.080060.0050,3/4 TEE BRASS 125,EA,0,1,,75,1,HR,0,0,1,HR,0
03.080060.0060,1 TEE BRASS 125,EA,0,1,,75,1,HR,0,0,1,HR,0
03.080060.0070,1-1/4 TEE BRASS 125,EA,0,1,,75,1,HR,0,0,1,HR,0
03.080060.0080,1-1/2 TEE BRASS 125,EA,0,1,,75,1,HR,0,0,1,HR,0
03.080060.0170,2 TEE BRASS 125,EA,0,1,,75,1,HR,0,0,1,HR,0
03.080070.0010,1/4x1/8 TEE BRASS REDUC,EA,0,1,,75,1,HR,0,0,1,HR,0
03.080070.0020,1/4x3/8 TEE BRASS REDUC,EA,0,1,,75,1,HR,0,0,1,HR,0
03.080070.0030,3/8x1/4 TEE BRASS REDUC,EA,0,1,,75,1,HR,0,0,1,HR,0
03.080070.0040,3/8x1/2 TEE BRASS REDUC,EA,0,1,,75,1,HR,0,0,1,HR,0
03.080070.0050,1/2x1/4 TEE BRASS REDUC,EA,0,1,,75,1,HR,0,0,1,HR,0
03.080070.0060,1/2x1/2x3/8 TEE BRASS REDUC,EA,0,1,,75,1,HR,0,0,1,HR,0
03.080070.0070,1/2x3/4 TEE BRASS REDUC,EA,0,1,,75,1,HR,0,0,1,HR,0
03.080070.0080,3/4x1/4 TEE BRASS REDUC,EA,0,1,,75,1,HR,0,0,1,HR,0
03.080070.0090,3/4x3/4x1/2 TEE BRASS REDUC,EA,0,1,,75,1,HR,0,0,1,HR,0
03.080070.0100,1x1/2x1/2 TEE BRASS REDUC,EA,0,1,,75,1,HR,0,0,1,HR,0
03.080070.0110,1x1/2x3/4 TEE BRASS REDUC,EA,0,1,,75,1,HR,0,0,1,HR,0
03.080070.0120,1x1/2x1 TEE BRASS REDUC,EA,0,1,,75,1,HR,0,0,1,HR,0
03.080070.0130,1x3/4x1/2 TEE BRASS REDUC,EA,0,1,,75,1,HR,0,0,1,HR,0
03.080070.0140,1x3/4x3/4 TEE BRASS REDUC,EA,0,1,,75,1,HR,0,0,1,HR,0
03.080070.0150,1x3/4x1 TEE BRASS REDUC,EA,0,1,,75,1,HR,0,0,1,HR,0
03.080070.0160,1x1x3/8 TEE BRASS REDUC,EA,0,1,,75,1,HR,0,0,1,HR,0
03.080070.0170,1x1x1/2 TEE BRASS REDUC,EA,0,1,,75,1,HR,0,0,1,HR,0
03.080070.0180,1x1x3/4 TEE BRASS REDUC,EA,0,1,,75,1,HR,0,0,1,HR,0
03.080070.0190,1x1x1-1/4 TEE BRASS REDUC,EA,0,1,,75,1,HR,0,0,1,HR,0
03.080070.0194,1-1/4x1-1/4x1/2 TEE BRASS REDUC,EA,0,1,,75,1,HR,0,0,1,HR,0
03.080070.0196,1-1/4x1-1/4x3/4 TEE BRASS REDUC,EA,0,1,,75,1,HR,0,0,1,HR,0
03.080070.0200,1-1/4x1-1/4x1 TEE BRASS REDUC,EA,0,1,,75,1,HR,0,0,1,HR,0
03.080070.0210,1-1/4x1-1/4x1-1/2 TEE BRASS REDUC,EA,0,1,,75,1,HR,0,0,1,HR,0
03.080070.0220,1-1/2x3/4x1-1/2 TEE BRASS REDUC,EA,0,1,,75,1,HR,0,0,1,HR,0
03.080070.0230,1-1/2x1 TEE BRASS REDUC,EA,0,1,,75,1,HR,0,0,1,HR,0
03.080070.0240,1-1/2x1-1/4x1/2 TEE BRASS REDUC,EA,0,1,,75,1,HR,0,0,1,HR,0
03.080070.0250,1-1/2x1-1/2x1-1/4 TEE BRASS REDUC,EA,0,1,,75,1,HR,0,0,1,HR,0
03.080070.0260,1-1/2x1-1/2x2 TEE BRASS REDUC,EA,0,1,,75,1,HR,0,0,1,HR,0
03.080070.0270,2x1x2 TEE BRASS REDUC,EA,0,1,,75,1,HR,0,0,1,HR,0
03.080070.0280,2x1-1/4x1-1/4 TEE BRASS REDUC,EA,0,1,,75,1,HR,0,0,1,HR,0
03.080070.0290,2x1-1/2x1 TEE BRASS REDUC,EA,0,1,,75,1,HR,0,0,1,HR,0
03.080070.0294,2x2x1/2 TEE BRASS REDUC,EA,0,1,,75,1,HR,0,0,1,HR,0
03.080070.0300,2x2x1-1/2 TEE BRASS REDUC,EA,0,1,,75,1,HR,0,0,1,HR,0
03.080070.0310,2x2x2-1/2 TEE BRASS REDUC,EA,0,1,,75,1,HR,0,0,1,HR,0
03.080070.0320,3x2x2 TEE BRASS REDUC,EA,0,1,,75,1,HR,0,0,1,HR,0
03.080070.0330,3x2-1/2x2-1/2 TEE BRASS REDUC,EA,0,1,,75,1,HR,0,0,1,HR,0
03.080070.0610,4x4x1-1/2 TEE BRASS REDUC,EA,0,1,,75,1,HR,0,0,1,HR,0
03.080080.0010,1/8 PLUG BRASS 125,EA,0,1,,75,1,HR,0,0,1,HR,0
03.080080.0020,1/4 PLUG BRASS 125,EA,0,1,,75,1,HR,0,0,1,HR,0
03.080080.0030,3/8 PLUG BRASS 125,EA,0,1,,75,1,HR,0,0,1,HR,0
03.080080.0040,1/2 PLUG BRASS 125,EA,0,1,,75,1,HR,0,0,1,HR,0
03.080080.0050,3/4 PLUG BRASS 125,EA,0,1,,75,1,HR,0,0,1,HR,0
03.080080.0060,1 PLUG BRASS 125,EA,0,1,,75,1,HR,0,0,1,HR,0
03.080080.0070,1-1/4 PLUG BRASS 125,EA,0,1,,75,1,HR,0,0,1,HR,0
03.080080.0080,1-1/2 PLUG BRASS 125,EA,0,1,,75,1,HR,0,0,1,HR,0
03.080080.0170,2 PLUG BRASS 125,EA,0,1,,75,1,HR,0,0,1,HR,0
03.080090.0010,1/8 CAP BRASS,EA,0,1,,75,1,HR,0,0,1,HR,0
03.080090.0020,1/4 CAP BRASS,EA,0,1,,75,1,HR,0,0,1,HR,0
03.080090.0030,3/8 CAP BRASS,EA,0,1,,75,1,HR,0,0,1,HR,0
03.080090.0040,1/2 CAP BRASS,EA,0,1,,75,1,HR,0,0,1,HR,0
03.080090.0050,3/4 CAP BRASS,EA,0,1,,75,1,HR,0,0,1,HR,0
03.080090.0060,1 CAP BRASS,EA,0,1,,75,1,HR,0,0,1,HR,0
03.080090.0070,1-1/4 CAP BRASS,EA,0,1,,75,1,HR,0,0,1,HR,0
03.080090.0080,1-1/2 CAP BRASS,EA,0,1,,75,1,HR,0,0,1,HR,0
03.080090.0170,2 CAP BRASS,EA,0,1,,75,1,HR,0,0,1,HR,0
03.080100.0010,1/8 UNION BRASS 150,EA,0,1,,75,0.35,HR,0,0,1,HR,0
03.080100.0020,1/4 UNION BRASS 150,EA,0,1,,65,0.35,HR,0,0,1,HR,0
03.080100.0030,3/8 UNION BRASS 150,EA,0,1,,75,0.4,HR,0,0,0,,0
03.080100.0040,1/2 UNION BRASS 150,EA,0,1,,75,0.5,HR,0,0,1,HR,0
03.080100.0050,3/4 UNION BRASS 150,EA,0,1,,75,0.5,HR,0,0,1,HR,0
03.080100.0060,1 UNION BRASS 150,EA,0,1,,75,0.7,HR,0,0,1,HR,0
03.080100.0070,1-1/4 UNION BRASS 150,EA,0,1,,75,1,HR,0,0,1,HR,0
03.080100.0080,1-1/2 UNION BRASS 150,EA,0,1,,75,1,HR,0,0,1,HR,0
03.080100.0170,2 UNION BRASS 150,EA,0,1,,75,1,HR,0,0,1,HR,0
03.080110.0010,1/8 UNION BRASS 250,EA,0,1,,75,1,HR,0,0,1,HR,0
03.080110.0020,1/4 UNION BRASS 250,EA,0,1,,75,1,HR,0,0,1,HR,0
03.080110.0030,3/8 UNION BRASS 250,EA,0,1,,75,1,HR,0,0,1,HR,0
03.080110.0040,1/2 UNION BRASS 250,EA,0,1,,75,1,HR,0,0,1,HR,0
03.080110.0050,3/4 UNION BRASS 250,EA,0,1,,75,1,HR,0,0,1,HR,0
03.080110.0060,1 UNION BRASS 250,EA,0,1,,75,1,HR,0,0,1,HR,0
03.080110.0070,1-1/4 UNION BRASS 250,EA,0,1,,75,1,HR,0,0,1,HR,0
03.080110.0080,1-1/2 UNION BRASS 250,EA,0,1,,75,1,HR,0,0,1,HR,0
03.080110.0170,2 UNION BRASS 250,EA,0,1,,75,1,HR,0,0,1,HR,0
03.080120.0010,1/8 CROSS BRASS 125,EA,0,1,,75,1,HR,0,0,1,HR,0
03.080120.0020,1/4 CROSS BRASS 125,EA,0,1,,75,1,HR,0,0,1,HR,0
03.080120.0030,3/8 CROSS BRASS 125,EA,0,1,,75,1,HR,0,0,1,HR,0
03.080120.0040,1/2 CROSS BRASS 125,EA,0,1,,75,1,HR,0,0,1,HR,0
03.080120.0050,3/4 CROSS BRASS 125,EA,0,1,,75,1,HR,0,0,1,HR,0
03.080120.0060,1 CROSS BRASS 125,EA,0,1,,75,1,HR,0,0,1,HR,0
03.080120.0070,1-1/4 CROSS BRASS 125,EA,0,1,,75,1,HR,0,0,1,HR,0
03.080120.0080,1-1/2 CROSS BRASS 125,EA,0,1,,75,1,HR,0,0,1,HR,0
03.080120.0090,2 CROSS BRASS 125,EA,0,1,,75,1,HR,0,0,1,HR,0
03.080120.0110,2-1/2 CROSS BRASS 125,EA,0,1,,75,1,HR,0,0,1,HR,0
03.080130.0010,1/8 FLANGE FLOOR BRASS,EA,0,1,,75,1,HR,0,0,1,HR,0
03.080130.0020,1/4 FLANGE FLOOR BRASS,EA,0,1,,75,1,HR,0,0,1,HR,0
03.080130.0030,3/8 FLANGE FLOOR BRASS,EA,0,1,,75,1,HR,0,0,1,HR,0
03.080130.0040,1/2 FLANGE FLOOR BRASS,EA,0,1,,75,1,HR,0,0,1,HR,0
03.080130.0050,3/4 FLANGE FLOOR BRASS,EA,0,1,,75,1,HR,0,0,1,HR,0
03.080130.0060,1 FLANGE FLOOR BRASS,EA,0,1,,75,1,HR,0,0,1,HR,0
03.080130.0070,1-1/4 FLANGE FLOOR BRASS,EA,0,1,,75,1,HR,0,0,1,HR,0
03.080130.0080,1-1/2 FLANGE FLOOR BRASS,EA,0,1,,75,1,HR,0,0,1,HR,0
03.080130.0170,2 FLANGE FLOOR BRASS,EA,0,1,,75,1,HR,0,0,1,HR,0
03.080140.0010,1/2 FLANGE COMPANION BRASS 150,EA,0,1,,75,1,HR,0,0,1,HR,0
03.080140.0020,3/4 FLANGE COMPANION BRASS 150,EA,0,1,,75,1,HR,0,0,1,HR,0
03.080140.0030,1 FLANGE COMPANION BRASS 150,EA,0,1,,75,1,HR,0,0,1,HR,0
03.080140.0040,1-1/4 FLANGE COMPANION BRASS 150,EA,0,1,,75,1,HR,0,0,1,HR,0
03.080140.0050,1-1/2 FLANGE COMPANION BRASS 150,EA,0,1,,75,1,HR,0,0,1,HR,0
03.080140.0060,2 FLANGE COMPANION BRASS 150,EA,0,1,,75,1,HR,0,0,1,HR,0
03.080140.0070,3 FLANGE COMPANION BRASS 150,EA,0,1,,75,1,HR,0,0,1,HR,0
03.080140.0080,3-1/2 FLANGE COMPANION BRASS 150,EA,0,1,,75,1,HR,0,0,1,HR,0
03.080140.0090,4 FLANGE COMPANION BRASS 150,EA,0,1,,75,1,HR,0,0,1,HR,0
03.080140.0100,5 FLANGE COMPANION BRASS 150,EA,0,1,,75,1,HR,0,0,1,HR,0
03.080140.0130,6 FLANGE COMPANION BRASS 150,EA,0,1,,75,1,HR,0,0,1,HR,0
03.080150.0010,1/8 LOCKNUT BRASS,EA,0,1,,75,1,HR,0,0,1,HR,0
03.080150.0020,1/4 LOCKNUT BRASS,EA,0,1,,75,1,HR,0,0,1,HR,0
03.080150.0030,3/8 LOCKNUT BRASS,EA,0,1,,75,1,HR,0,0,1,HR,0
03.080150.0040,1/2 LOCKNUT BRASS,EA,0,1,,75,1,HR,0,0,1,HR,0
03.080150.0050,3/4 LOCKNUT BRASS,EA,0,1,,75,1,HR,0,0,1,HR,0
03.080150.0060,1 LOCKNUT BRASS,EA,0,1,,75,1,HR,0,0,1,HR,0
03.080150.0070,1-1/4 LOCKNUT BRASS,EA,0,1,,75,1,HR,0,0,1,HR,0
03.080150.0080,1-1/2 LOCKNUT BRASS,EA,0,1,,75,1,HR,0,0,1,HR,0
03.080150.0170,2 LOCKNUT BRASS,EA,0,1,,75,1,HR,0,0,1,HR,0
03.080160.0010,3/8x1/4 BUSHING BRASS HEX,EA,0,1,,75,1,HR,0,0,1,HR,0
03.080160.0020,3/8x1/8 BUSHING BRASS HEX,EA,0,1,,75,1,HR,0,0,1,HR,0
03.080160.0030,1/2x3/8 BUSHING BRASS HEX,EA,0,1,,75,1,HR,0,0,1,HR,0
03.080160.0040,1/2x1/4 BUSHING BRASS HEX,EA,0,1,,75,1,HR,0,0,1,HR,0
03.080160.0050,1/2x1/8 BUSHING BRASS HEX,EA,0,1,,75,1,HR,0,0,1,HR,0
03.080160.0060,3/4x1/2 BUSHING BRASS HEX,EA,0,1,,75,1,HR,0,0,1,HR,0
03.080160.0070,3/4x3/8 BUSHING BRASS HEX,EA,0,1,,75,1,HR,0,0,1,HR,0
03.080160.0080,3/4x1/4 BUSHING BRASS HEX,EA,0,1,,75,1,HR,0,0,1,HR,0
03.080160.0090,1x3/4 BUSHING BRASS HEX,EA,0,1,,75,1,HR,0,0,1,HR,0
03.080160.0100,1x1/2 BUSHING BRASS HEX,EA,0,1,,75,1,HR,0,0,1,HR,0
03.080160.0110,1x3/8 BUSHING BRASS HEX,EA,0,1,,75,1,HR,0,0,1,HR,0
03.080160.0120,1x1/4 BUSHING BRASS HEX,EA,0,1,,75,1,HR,0,0,1,HR,0
03.080160.0130,1-1/4x1 BUSHING BRASS HEX,EA,0,1,,75,1,HR,0,0,1,HR,0
03.080160.0140,1-1/4x3/4 BUSHING BRASS HEX,EA,0,1,,75,1,HR,0,0,1,HR,0
03.080160.0150,1-1/4x1/2 BUSHING BRASS HEX,EA,0,1,,75,1,HR,0,0,1,HR,0
03.080160.0160,1-1/4x3/8 BUSHING BRASS HEX,EA,0,1,,75,1,HR,0,0,1,HR,0
03.080160.0170,1-1/2x1-1/4 BUSHING BRASS HEX,EA,0,1,,75,1,HR,0,0,1,HR,0
03.080160.0180,1-1/2x1 BUSHING BRASS HEX,EA,0,1,,75,1,HR,0,0,1,HR,0
03.080160.0190,1-1/2x3/4 BUSHING BRASS HEX,EA,0,1,,75,1,HR,0,0,1,HR,0
03.080160.0200,1-1/2x1/2 BUSHING BRASS HEX,EA,0,1,,75,1,HR,0,0,1,HR,0
03.080160.0210,1-1/2x3/8 BUSHING BRASS HEX,EA,0,1,,75,1,HR,0,0,1,HR,0
03.080160.0220,1-1/2x1/4 BUSHING BRASS HEX,EA,0,1,,75,1,HR,0,0,1,HR,0
03.080160.0230,2x1-1/4 BUSHING BRASS HEX,EA,0,1,,75,1,HR,0,0,1,HR,0
03.080160.0240,2x1 BUSHING BRASS HEX,EA,0,1,,75,1,HR,0,0,1,HR,0
03.080160.0250,2x3/4 BUSHING BRASS HEX,EA,0,1,,75,1,HR,0,0,1,HR,0
03.080160.0260,2x1/2 BUSHING BRASS HEX,EA,0,1,,75,1,HR,0,0,1,HR,0
03.080160.0270,2x1/4 BUSHING BRASS HEX,EA,0,1,,75,1,HR,0,0,1,HR,0
03.080160.0280,2-1/2x2 BUSHING BRASS HEX,EA,0,1,,75,1,HR,0,0,1,HR,0
03.080160.0290,2-1/2x1-1/2 BUSHING BRASS HEX,EA,0,1,,75,1,HR,0,0,1,HR,0
03.080160.0300,2-1/2x1-1/4 BUSHING BRASS HEX,EA,0,1,,75,1,HR,0,0,1,HR,0
03.080160.0310,2-1/2x1 BUSHING BRASS HEX,EA,0,1,,75,1,HR,0,0,1,HR,0
03.080160.0320,3x2-1/2 BUSHING BRASS HEX,EA,0,1,,75,1,HR,0,0,1,HR,0
03.080160.0330,3x2 BUSHING BRASS HEX,EA,0,1,,75,1,HR,0,0,1,HR,0
03.080160.0340,3x1-1/2 BUSHING BRASS HEX,EA,0,1,,75,1,HR,0,0,1,HR,0
03.080160.0350,3x1-1/4 BUSHING BRASS HEX,EA,0,1,,75,1,HR,0,0,1,HR,0
03.080160.0360,3x1 BUSHING BRASS HEX,EA,0,1,,75,1,HR,0,0,1,HR,0
03.080160.0670,4x3 BUSHING BRASS HEX,EA,0,1,,75,1,HR,0,0,1,HR,0
03.080170.0010,1/8x1-1/2 NIPPLE BRASS,EA,0,1,,75,1,HR,0,0,1,HR,0
03.080170.0020,1/8x2 NIPPLE BRASS,EA,0,1,,75,1,HR,0,0,1,HR,0
03.080170.0030,1/8x2-1/2 NIPPLE BRASS,EA,0,1,,75,1,HR,0,0,1,HR,0
03.080170.0040,1/8x3 NIPPLE BRASS,EA,0,1,,75,1,HR,0,0,1,HR,0
03.080170.0050,1/8x3-1/2 NIPPLE BRASS,EA,0,1,,75,1,HR,0,0,1,HR,0
03.080170.0060,1/8x4 NIPPLE BRASS,EA,0,1,,75,1,HR,0,0,1,HR,0
03.080170.0070,1/8x4-1/2 NIPPLE BRASS,EA,0,1,,75,1,HR,0,0,1,HR,0
03.080170.0080,1/8x5 NIPPLE BRASS,EA,0,1,,75,1,HR,0,0,1,HR,0
03.080170.0090,1/8x5-1/2 NIPPLE BRASS,EA,0,1,,75,1,HR,0,0,1,HR,0
03.080170.0100,1/8x6 NIPPLE BRASS,EA,0,1,,75,1,HR,0,0,1,HR,0
03.080170.0110,1/4x1-1/2 NIPPLE BRASS,EA,0,1,,75,1,HR,0,0,1,HR,0
03.080170.0120,1/4x2 NIPPLE BRASS,EA,0,1,,75,1,HR,0,0,1,HR,0
03.080170.0130,1/4x2-1/2 NIPPLE BRASS,EA,0,1,,75,1,HR,0,0,1,HR,0
03.080170.0140,1/4x3 NIPPLE BRASS,EA,0,1,,75,1,HR,0,0,1,HR,0
03.080170.0150,1/4x4-1/2 NIPPLE BRASS,EA,0,1,,75,1,HR,0,0,1,HR,0
03.080170.0160,1/4x5 NIPPLE BRASS,EA,0,1,,75,1,HR,0,0,1,HR,0
03.080170.0170,1/4x5-1/2 NIPPLE BRASS,EA,0,1,,75,1,HR,0,0,1,HR,0
03.080170.0180,1/4x6 NIPPLE BRASS,EA,0,1,,75,1,HR,0,0,1,HR,0
03.080170.0190,3/8x1-1/2 NIPPLE BRASS,EA,0,1,,75,1,HR,0,0,1,HR,0
03.080170.0200,3/8x2 NIPPLE BRASS,EA,0,1,,75,1,HR,0,0,1,HR,0
03.080170.0210,3/8x2-1/2 NIPPLE BRASS,EA,0,1,,75,1,HR,0,0,1,HR,0
03.080170.0220,3/8x3 NIPPLE BRASS,EA,0,1,,75,1,HR,0,0,1,HR,0
03.080170.0230,3/8x3-1/2 NIPPLE BRASS,EA,0,1,,75,1,HR,0,0,1,HR,0
03.080170.0240,3/8x4 NIPPLE BRASS,EA,0,1,,75,1,HR,0,0,1,HR,0
03.080170.0250,3/8x4-1/2 NIPPLE BRASS,EA,0,1,,75,1,HR,0,0,1,HR,0
03.080170.0260,3/8x5 NIPPLE BRASS,EA,0,1,,75,1,HR,0,0,1,HR,0
03.080170.0270,3/8x5-1/2 NIPPLE BRASS,EA,0,1,,75,1,HR,0,0,1,HR,0
03.080170.0280,3/8x6 NIPPLE BRASS,EA,0,1,,75,1,HR,0,0,1,HR,0
03.080170.0290,1/2x1-1/2 NIPPLE BRASS,EA,0,1,,75,1,HR,0,0,1,HR,0
03.080170.0300,1/2x2 NIPPLE BRASS,EA,0,1,,75,1,HR,0,0,1,HR,0
03.080170.0310,1/2x2-1/2 NIPPLE BRASS,EA,0,1,,75,1,HR,0,0,1,HR,0
03.080170.0320,1/2x3 NIPPLE BRASS,EA,0,1,,75,1,HR,0,0,1,HR,0
03.080170.0330,1/2x3-1/2 NIPPLE BRASS,EA,0,1,,75,1,HR,0,0,1,HR,0
03.080170.0340,1/2x4 NIPPLE BRASS,EA,0,1,,75,1,HR,0,0,1,HR,0
03.080170.0350,1/2x4-1/2 NIPPLE BRASS,EA,0,1,,75,1,HR,0,0,1,HR,0
03.080170.0360,1/2x5 NIPPLE BRASS,EA,0,1,,75,1,HR,0,0,1,HR,0
03.080170.0370,1/2x5-1/2 NIPPLE BRASS,EA,0,1,,75,1,HR,0,0,1,HR,0
03.080170.0380,1/2x6 NIPPLE BRASS,EA,0,1,,75,1,HR,0,0,1,HR,0
03.080170.0390,3/4x1-1/2 NIPPLE BRASS,EA,0,1,,75,1,HR,0,0,1,HR,0
03.080170.0400,3/4x2 NIPPLE BRASS,EA,0,1,,75,1,HR,0,0,1,HR,0
03.080170.0410,3/4x2-1/2 NIPPLE BRASS,EA,0,1,,75,1,HR,0,0,1,HR,0
03.080170.0420,3/4x3 NIPPLE BRASS,EA,0,1,,75,1,HR,0,0,1,HR,0
03.080170.0430,3/4x3-1/2 NIPPLE BRASS,EA,0,1,,75,1,HR,0,0,1,HR,0
03.080170.0440,3/4x4 NIPPLE BRASS,EA,0,1,,75,1,HR,0,0,1,HR,0
03.080170.0450,3/4x4-1/2 NIPPLE BRASS,EA,0,1,,75,1,HR,0,0,1,HR,0
03.080170.0460,3/4x5 NIPPLE BRASS,EA,0,1,,75,1,HR,0,0,1,HR,0
03.080170.0470,3/4x5-1/2 NIPPLE BRASS,EA,0,1,,75,1,HR,0,0,1,HR,0
03.080170.0480,3/4x6 NIPPLE BRASS,EA,0,1,,75,1,HR,0,0,1,HR,0
03.080170.0490,1x2 NIPPLE BRASS,EA,0,1,,75,1,HR,0,0,1,HR,0
03.080170.0500,1x2-1/2 NIPPLE BRASS,EA,0,1,,75,1,HR,0,0,1,HR,0
03.080170.0510,1x3 NIPPLE BRASS,EA,0,1,,75,1,HR,0,0,1,HR,0
03.080170.0520,1x3-1/2 NIPPLE BRASS,EA,0,1,,75,1,HR,0,0,1,HR,0
03.080170.0530,1x4 NIPPLE BRASS,EA,0,1,,75,1,HR,0,0,1,HR,0
03.080170.0540,1x4-1/2 NIPPLE BRASS,EA,0,1,,75,1,HR,0,0,1,HR,0
03.080170.0550,1x5 NIPPLE BRASS,EA,0,1,,75,1,HR,0,0,1,HR,0
03.080170.0560,1x5-1/2 NIPPLE BRASS,EA,0,1,,75,1,HR,0,0,1,HR,0
03.080170.0570,1x6 NIPPLE BRASS,EA,0,1,,75,1,HR,0,0,1,HR,0
03.080170.0580,1-1/4x2 NIPPLE BRASS,EA,0,1,,75,1,HR,0,0,1,HR,0
03.080170.0590,1-1/4x2-1/2 NIPPLE BRASS,EA,0,1,,75,1,HR,0,0,1,HR,0
03.080170.0600,1-1/4x3 NIPPLE BRASS,EA,0,1,,75,1,HR,0,0,1,HR,0
03.080170.0610,1-1/4x3-1/2 NIPPLE BRASS,EA,0,1,,75,1,HR,0,0,1,HR,0
03.080170.0620,1-1/4x4 NIPPLE BRASS,EA,0,1,,75,1,HR,0,0,1,HR,0
03.080170.0630,1-1/4x4-1/2 NIPPLE BRASS,EA,0,1,,75,1,HR,0,0,1,HR,0
03.080170.0640,1-1/4x5 NIPPLE BRASS,EA,0,1,,75,1,HR,0,0,1,HR,0
03.080170.0650,1-1/4x5-1/2 NIPPLE BRASS,EA,0,1,,75,1,HR,0,0,1,HR,0
03.080170.0660,1-1/4x6 NIPPLE BRASS,EA,0,1,,75,1,HR,0,0,1,HR,0
03.080170.0670,1-1/2x2 NIPPLE BRASS,EA,0,1,,75,1,HR,0,0,1,HR,0
03.080170.0680,1-1/2x2-1/2 NIPPLE BRASS,EA,0,1,,75,1,HR,0,0,1,HR,0
03.080170.0690,1-1/2x3 NIPPLE BRASS,EA,0,1,,75,1,HR,0,0,1,HR,0
03.080170.0700,1-1/2x3-1/2 NIPPLE BRASS,EA,0,1,,75,1,HR,0,0,1,HR,0
03.080170.0710,1-1/2x4 NIPPLE BRASS,EA,0,1,,75,1,HR,0,0,1,HR,0
03.080170.0720,1-1/2x4-1/2 NIPPLE BRASS,EA,0,1,,75,1,HR,0,0,1,HR,0
03.080170.0730,1-1/2x5 NIPPLE BRASS,EA,0,1,,75,1,HR,0,0,1,HR,0
03.080170.0740,1-1/2x5-1/2 NIPPLE BRASS,EA,0,1,,75,1,HR,0,0,1,HR,0
03.080170.0750,1-1/2x6 NIPPLE BRASS,EA,0,1,,75,1,HR,0,0,1,HR,0
03.080170.0760,2x2-1/2 NIPPLE BRASS,EA,0,1,,75,1,HR,0,0,1,HR,0
03.080170.0770,2x3 NIPPLE BRASS,EA,0,1,,75,1,HR,0,0,1,HR,0
03.080170.0780,2x3-1/2 NIPPLE BRASS,EA,0,1,,75,1,HR,0,0,1,HR,0
03.080170.0790,2x4 NIPPLE BRASS,EA,0,1,,75,1,HR,0,0,1,HR,0
03.080170.0800,2x4-1/2 NIPPLE BRASS,EA,0,1,,75,1,HR,0,0,1,HR,0
03.080170.0810,2x5 NIPPLE BRASS,EA,0,1,,75,1,HR,0,0,1,HR,0
03.080170.0820,2x5-1/2 NIPPLE BRASS,EA,0,1,,75,1,HR,0,0,1,HR,0
03.080170.1640,2x6 NIPPLE BRASS,EA,0,1,,75,1,HR,0,0,1,HR,0
03.090010.0010,1/8 REDUCER BRASS FLARED,EA,0,1,,75,1,HR,0,0,1,HR,0
03.090010.0020,3/16 REDUCER BRASS FLARED,EA,0,1,,75,1,HR,0,0,1,HR,0
03.090010.0030,1/4 REDUCER BRASS FLARED,EA,0,1,,75,1,HR,0,0,1,HR,0
03.090010.0040,5/16 REDUCER BRASS FLARED,EA,0,1,,75,1,HR,0,0,1,HR,0
03.090010.0050,3/8 REDUCER BRASS FLARED,EA,0,1,,75,1,HR,0,0,1,HR,0
03.090010.0060,7/16 REDUCER BRASS FLARED,EA,0,1,,75,1,HR,0,0,1,HR,0
03.090010.0070,1/2 REDUCER BRASS FLARED,EA,0,1,,75,1,HR,0,0,1,HR,0
03.090010.0080,5/8 REDUCER BRASS FLARED,EA,0,1,,75,1,HR,0,0,1,HR,0
03.090010.0170,3/4 REDUCER BRASS FLARED,EA,0,1,,75,1,HR,0,0,1,HR,0
03.090020.0010,1/8 REDUCER BRASS FLARED LONG,EA,0,1,,75,1,HR,0,0,1,HR,0
03.090020.0020,3/16 REDUCER BRASS FLARED LONG,EA,0,1,,75,1,HR,0,0,1,HR,0
03.090020.0030,1/4 REDUCER BRASS FLARED LONG,EA,0,1,,75,1,HR,0,0,1,HR,0
03.090020.0040,5/16 REDUCER BRASS FLARED LONG,EA,0,1,,75,1,HR,0,0,1,HR,0
03.090020.0050,3/8 REDUCER BRASS FLARED LONG,EA,0,1,,75,1,HR,0,0,1,HR,0
03.090020.0060,1/2 REDUCER BRASS FLARED LONG,EA,0,1,,75,1,HR,0,0,1,HR,0
03.090020.0070,5/8 REDUCER BRASS FLARED LONG,EA,0,1,,75,1,HR,0,0,1,HR,0
03.090020.0150,3/4 REDUCER BRASS FLARED LONG,EA,0,1,,75,1,HR,0,0,1,HR,0
03.090030.0010,1/8 UNION FLARED,EA,0,1,,75,1,HR,0,0,1,HR,0
03.090030.0020,3/16 UNION FLARED,EA,0,1,,75,1,HR,0,0,1,HR,0
03.090030.0030,1/4 UNION FLARED,EA,0,1,,75,1,HR,0,0,1,HR,0
03.090030.0040,5/16 UNION FLARED,EA,0,1,,75,1,HR,0,0,1,HR,0
03.090030.0050,3/8 UNION FLARED,EA,0,1,,75,1,HR,0,0,1,HR,0
03.090030.0060,1/2 UNION FLARED,EA,0,1,,75,1,HR,0,0,1,HR,0
03.090030.0070,5/8 UNION FLARED,EA,0,1,,75,1,HR,0,0,1,HR,0
03.090030.0080,3/4 UNION FLARED,EA,0,1,,75,1,HR,0,0,1,HR,0
03.090030.0170,7/8 UNION FLARED,EA,0,1,,75,1,HR,0,0,1,HR,0
03.090040.0010,1/8x1/8 UNION ADAPTER,EA,0,1,,75,1,HR,0,0,1,HR,0
03.090040.0020,3/16x1/8 UNION ADAPTER,EA,0,1,,75,1,HR,0,0,1,HR,0
03.090040.0030,3/16x1/48 UNION ADAPTER,EA,0,1,,75,1,HR,0,0,1,HR,0
03.090040.0040,1/4x1/8 UNION ADAPTER,EA,0,1,,75,1,HR,0,0,1,HR,0
03.090040.0050,1/4x1/4 UNION ADAPTER,EA,0,1,,75,1,HR,0,0,1,HR,0
03.090040.0060,1/4x3/8 UNION ADAPTER,EA,0,1,,75,1,HR,0,0,1,HR,0
03.090040.0070,1/4x1/2 UNION ADAPTER,EA,0,1,,75,1,HR,0,0,1,HR,0
03.090040.0080,5/16x1/8 UNION ADAPTER,EA,0,1,,75,1,HR,0,0,1,HR,0
03.090040.0090,5/16x1/48 UNION ADAPTER,EA,0,1,,75,1,HR,0,0,1,HR,0
03.090040.0100,5/16x3/8 UNION ADAPTER,EA,0,1,,75,1,HR,0,0,1,HR,0
03.090040.0110,5/16x1/2 UNION ADAPTER,EA,0,1,,75,1,HR,0,0,1,HR,0
03.090040.0120,3/8x1/8 UNION ADAPTER,EA,0,1,,75,1,HR,0,0,1,HR,0
03.090040.0130,3/8x1/48 UNION ADAPTER,EA,0,1,,75,1,HR,0,0,1,HR,0
03.090040.0190,3/8x3/8 UNION ADAPTER,EA,0,1,,75,1,HR,0,0,1,HR,0
03.090050.0010,1/4x1/2x1/2 TEE REDUC,EA,0,1,,75,1,HR,0,0,1,HR,0
03.090050.0020,5/16x5/16x1/4 TEE REDUC,EA,0,1,,75,1,HR,0,0,1,HR,0
03.090050.0030,3/8x1/4x1/4 TEE REDUC,EA,0,1,,75,1,HR,0,0,1,HR,0
03.090050.0040,3/8x1/4x8 TEE REDUC,EA,0,1,,75,1,HR,0,0,1,HR,0
03.090050.0050,3/8x3/8x1/4 TEE REDUC,EA,0,1,,75,1,HR,0,0,1,HR,0
03.090050.0060,3/8x3/8x1/2 TEE REDUC,EA,0,1,,75,1,HR,0,0,1,HR,0
03.090050.0070,3/8x3/8x5/8 TEE REDUC,EA,0,1,,75,1,HR,0,0,1,HR,0
03.090050.0080,3/8x1/2x3/8 TEE REDUC,EA,0,1,,75,1,HR,0,0,1,HR,0
03.090050.0090,3/8x1/2x1/2 TEE REDUC,EA,0,1,,75,1,HR,0,0,1,HR,0
03.090050.0100,3/8x5/8x3/8 TEE REDUC,EA,0,1,,75,1,HR,0,0,1,HR,0
03.090050.0110,3/8x5/8x5/8 TEE REDUC,EA,0,1,,75,1,HR,0,0,1,HR,0
03.090050.0120,1/2x1/4x1/2 TEE REDUC,EA,0,1,,75,1,HR,0,0,1,HR,0
03.090050.0130,1/2x3/8x1/4 TEE REDUC,EA,0,1,,75,1,HR,0,0,1,HR,0
03.090050.0140,1/2x3/8x3/8 TEE REDUC,EA,0,1,,75,1,HR,0,0,1,HR,0
03.090050.0150,1/2x3/8x1/2 TEE REDUC,EA,0,1,,75,1,HR,0,0,1,HR,0
03.090050.0160,1/2x1/2x1/4 TEE REDUC,EA,0,1,,75,1,HR,0,0,1,HR,0
03.090050.0170,1/2x1/2x3/8 TEE REDUC,EA,0,1,,75,1,HR,0,0,1,HR,0
03.090050.0180,1/2x1/2x5/8 TEE REDUC,EA,0,1,,75,1,HR,0,0,1,HR,0
03.090050.0190,1/2x1/2x3/4 TEE REDUC,EA,0,1,,75,1,HR,0,0,1,HR,0
03.090050.0200,1/2x5/8x1/2 TEE REDUC,EA,0,1,,75,1,HR,0,0,1,HR,0
03.090050.0210,1/2x5/8x5/8 TEE REDUC,EA,0,1,,75,1,HR,0,0,1,HR,0
03.090050.0220,1/2x3/4x1/2 TEE REDUC,EA,0,1,,75,1,HR,0,0,1,HR,0
03.090050.0230,1/2x3/4x3/4 TEE REDUC,EA,0,1,,75,1,HR,0,0,1,HR,0
03.090050.0240,5/8x3/8x3/8 TEE REDUC,EA,0,1,,75,1,HR,0,0,1,HR,0
03.090050.0250,5/8x3/8x5/8 TEE REDUC,EA,0,1,,75,1,HR,0,0,1,HR,0
03.090050.0260,5/8x1/2x3/8 TEE REDUC,EA,0,1,,75,1,HR,0,0,1,HR,0
03.090050.0270,5/8x1/2x1/2 TEE REDUC,EA,0,1,,75,1,HR,0,0,1,HR,0
03.090050.0280,5/8x1/2x5/8 TEE REDUC,EA,0,1,,75,1,HR,0,0,1,HR,0
03.090050.0290,5/8x5/8x3/8 TEE REDUC,EA,0,1,,75,1,HR,0,0,1,HR,0
03.090050.0300,5/8x5/8x1/2 TEE REDUC,EA,0,1,,75,1,HR,0,0,1,HR,0
03.090050.0310,5/8x5/8x3/4 TEE REDUC,EA,0,1,,75,1,HR,0,0,1,HR,0
03.090050.0320,5/8x3/4x5/8 TEE REDUC,EA,0,1,,75,1,HR,0,0,1,HR,0
03.090050.0330,3/4x1/2x1/2 TEE REDUC,EA,0,1,,75,1,HR,0,0,1,HR,0
03.090050.0340,3/4x1/2x3/4 TEE REDUC,EA,0,1,,75,1,HR,0,0,1,HR,0
03.090050.0350,3/4x5/8x5/8 TEE REDUC,EA,0,1,,75,1,HR,0,0,1,HR,0
03.090050.0360,3/4x3/4x3/8 TEE REDUC,EA,0,1,,75,1,HR,0,0,1,HR,0
03.090050.0370,3/4x3/4x1/2 TEE REDUC,EA,0,1,,75,1,HR,0,0,1,HR,0
03.090050.0690,3/4x3/4x5/8 TEE REDUC,EA,0,1,,75,1,HR,0,0,1,HR,0
03.090060.0010,1/8x1/8 ELBOW 90 ADAPTER,EA,0,1,,75,1,HR,0,0,1,HR,0
03.090060.0020,3/16x1/8 ELBOW 90 ADAPTER,EA,0,1,,75,1,HR,0,0,1,HR,0
03.090060.0030,3/16x1/4 ELBOW 90 ADAPTER,EA,0,1,,75,1,HR,0,0,1,HR,0
03.090060.0040,1/4x1/8 ELBOW 90 ADAPTER,EA,0,1,,75,1,HR,0,0,1,HR,0
03.090060.0050,1/4x1/4 ELBOW 90 ADAPTER,EA,0,1,,75,1,HR,0,0,1,HR,0
03.090060.0060,1/4x3/8 ELBOW 90 ADAPTER,EA,0,1,,75,1,HR,0,0,1,HR,0
03.090060.0070,1/4x1/2 ELBOW 90 ADAPTER,EA,0,1,,75,1,HR,0,0,1,HR,0
03.090060.0080,5/16x1/8 ELBOW 90 ADAPTER,EA,0,1,,75,1,HR,0,0,1,HR,0
03.090060.0090,5/16x1/4 ELBOW 90 ADAPTER,EA,0,1,,75,1,HR,0,0,1,HR,0
03.090060.0100,5/16x3/8 ELBOW 90 ADAPTER,EA,0,1,,75,1,HR,0,0,1,HR,0
03.090060.0110,5/16x1/2 ELBOW 90 ADAPTER,EA,0,1,,75,1,HR,0,0,1,HR,0
03.090060.0120,3/8x1/8 ELBOW 90 ADAPTER,EA,0,1,,75,1,HR,0,0,1,HR,0
03.090060.0130,3/8x1/4 ELBOW 90 ADAPTER,EA,0,1,,75,1,HR,0,0,1,HR,0
03.090060.0140,3/8x3/8 ELBOW 90 ADAPTER,EA,0,1,,75,1,HR,0,0,1,HR,0
03.090060.0150,3/8x1/2 ELBOW 90 ADAPTER,EA,0,1,,75,1,HR,0,0,1,HR,0
03.090060.0160,3/8x3/4 ELBOW 90 ADAPTER,EA,0,1,,75,1,HR,0,0,1,HR,0
03.090060.0170,1/2x1/8 ELBOW 90 ADAPTER,EA,0,1,,75,1,HR,0,0,1,HR,0
03.090060.0180,1/2x1/4 ELBOW 90 ADAPTER,EA,0,1,,75,1,HR,0,0,1,HR,0
03.090060.0190,1/2x3/8 ELBOW 90 ADAPTER,EA,0,1,,75,1,HR,0,0,1,HR,0
03.090060.0200,1/2x1/2 ELBOW 90 ADAPTER,EA,0,1,,75,1,HR,0,0,1,HR,0
03.090060.0210,1/2x3/4 ELBOW 90 ADAPTER,EA,0,1,,75,1,HR,0,0,1,HR,0
03.090060.0220,5/8x1/4 ELBOW 90 ADAPTER,EA,0,1,,75,1,HR,0,0,1,HR,0
03.090060.0230,5/8x3/8 ELBOW 90 ADAPTER,EA,0,1,,75,1,HR,0,0,1,HR,0
03.090060.0240,5/8x1/2 ELBOW 90 ADAPTER,EA,0,1,,75,1,HR,0,0,1,HR,0
03.090060.0250,5/8x3/4 ELBOW 90 ADAPTER,EA,0,1,,75,1,HR,0,0,1,HR,0
03.090060.0260,3/4x1/2 ELBOW 90 ADAPTER,EA,0,1,,75,1,HR,0,0,1,HR,0
03.090060.0270,3/4x3/4 ELBOW 90 ADAPTER,EA,0,1,,75,1,HR,0,0,1,HR,0
03.090060.0480,7/8x3/4 ELBOW 90 ADAPTER,EA,0,1,,75,1,HR,0,0,1,HR,0
03.100030.0010,1/8 UNION COMPRESSION,EA,0,1,,75,1,HR,0,0,1,HR,0
03.100030.0020,3/16 UNION COMPRESSION,EA,0,1,,75,1,HR,0,0,1,HR,0
03.100030.0030,1/4 UNION COMPRESSION,EA,0,1,,75,1,HR,0,0,1,HR,0
03.100030.0040,5/16 UNION COMPRESSION,EA,0,1,,75,1,HR,0,0,1,HR,0
03.100030.0050,3/8 UNION COMPRESSION,EA,0,1,,75,1,HR,0,0,1,HR,0
03.100030.0060,7/16 UNION COMPRESSION,EA,0,1,,75,1,HR,0,0,1,HR,0
03.100030.0070,1/2 UNION COMPRESSION,EA,0,1,,75,1,HR,0,0,1,HR,0
03.100030.0080,5/8 UNION COMPRESSION,EA,0,1,,75,1,HR,0,0,1,HR,0
03.100030.0090,3/4 UNION COMPRESSION,EA,0,1,,75,1,HR,0,0,1,HR,0
03.100030.0110,7/8 UNION COMPRESSION,EA,0,1,,75,1,HR,0,0,1,HR,0
03.100040.0010,1/8 TEE COMPRESSION,EA,0,1,,75,1,HR,0,0,1,HR,0
03.100040.0020,3/16 TEE COMPRESSION,EA,0,1,,75,1,HR,0,0,1,HR,0
03.100040.0030,1/4 TEE COMPRESSION,EA,0,1,,75,1,HR,0,0,1,HR,0
03.100040.0040,5/16 TEE COMPRESSION,EA,0,1,,75,1,HR,0,0,1,HR,0
03.100040.0050,3/8 TEE COMPRESSION,EA,0,1,,75,1,HR,0,0,1,HR,0
03.100040.0060,1/2 TEE COMPRESSION,EA,0,1,,75,1,HR,0,0,1,HR,0
03.100040.0070,5/8 TEE COMPRESSION,EA,0,1,,75,1,HR,0,0,1,HR,0
03.100040.0080,3/4 TEE COMPRESSION,EA,0,1,,75,1,HR,0,0,1,HR,0
03.100040.0170,7/8 TEE COMPRESSION,EA,0,1,,75,1,HR,0,0,1,HR,0
03.100050.0010,1/8 ADAPTER COMPRESSION FEMALE,EA,0,1,,75,1,HR,0,0,1,HR,0
03.100050.0020,3/16 ADAPTER COMPRESSION FEMALE,EA,0,1,,75,1,HR,0,0,1,HR,0
03.100050.0030,3/16 ADAPTER COMPRESSION FEMALE,EA,0,1,,75,1,HR,0,0,1,HR,0
03.100050.0040,1/4 ADAPTER COMPRESSION FEMALE,EA,0,1,,75,1,HR,0,0,1,HR,0
03.100050.0050,1/4 ADAPTER COMPRESSION FEMALE,EA,0,1,,75,1,HR,0,0,1,HR,0
03.100050.0060,1/4 ADAPTER COMPRESSION FEMALE,EA,0,1,,75,1,HR,0,0,1,HR,0
03.100050.0070,1/4 ADAPTER COMPRESSION FEMALE,EA,0,1,,75,1,HR,0,0,1,HR,0
03.100050.0080,5/16 ADAPTER COMPRESSION FEMALE,EA,0,1,,75,1,HR,0,0,1,HR,0
03.100050.0090,5/16 ADAPTER COMPRESSION FEMALE,EA,0,1,,75,1,HR,0,0,1,HR,0
03.100050.0100,5/16 ADAPTER COMPRESSION FEMALE,EA,0,1,,75,1,HR,0,0,1,HR,0
03.100050.0110,3/8 ADAPTER COMPRESSION FEMALE,EA,0,1,,75,1,HR,0,0,1,HR,0
03.100050.0120,3/8 ADAPTER COMPRESSION FEMALE,EA,0,1,,75,1,HR,0,0,1,HR,0
03.100050.0130,3/8 ADAPTER COMPRESSION FEMALE,EA,0,1,,75,1,HR,0,0,1,HR,0
03.100050.0140,3/8 ADAPTER COMPRESSION FEMALE,EA,0,1,,75,1,HR,0,0,1,HR,0
03.100050.0150,3/8 ADAPTER COMPRESSION FEMALE,EA,0,1,,75,1,HR,0,0,1,HR,0
03.100050.0160,1/2 ADAPTER COMPRESSION FEMALE,EA,0,1,,75,1,HR,0,0,1,HR,0
03.100050.0170,1/2 ADAPTER COMPRESSION FEMALE,EA,0,1,,75,1,HR,0,0,1,HR,0
03.100050.0180,1/2 ADAPTER COMPRESSION FEMALE,EA,0,1,,75,1,HR,0,0,1,HR,0
03.100050.0190,1/2 ADAPTER COMPRESSION FEMALE,EA,0,1,,75,1,HR,0,0,1,HR,0
03.100050.0200,5/8 ADAPTER COMPRESSION FEMALE,EA,0,1,,75,1,HR,0,0,1,HR,0
03.100050.0210,5/8 ADAPTER COMPRESSION FEMALE,EA,0,1,,75,1,HR,0,0,1,HR,0
03.100050.0220,5/8 ADAPTER COMPRESSION FEMALE,EA,0,1,,75,1,HR,0,0,1,HR,0
03.100050.0230,3/4 ADAPTER COMPRESSION FEMALE,EA,0,1,,75,1,HR,0,0,1,HR,0
03.100050.0240,3/4 ADAPTER COMPRESSION FEMALE,EA,0,1,,75,1,HR,0,0,1,HR,0
03.100050.0420,7/8 ADAPTER COMPRESSION FEMALE,EA,0,1,,75,1,HR,0,0,1,HR,0
03.100060.0010,1/8 ADAPTER COMPRESSION MALE,EA,0,1,,75,1,HR,0,0,1,HR,0
03.100060.0020,3/16 ADAPTER COMPRESSION MALE,EA,0,1,,75,1,HR,0,0,1,HR,0
03.100060.0030,3/16 ADAPTER COMPRESSION MALE,EA,0,1,,75,1,HR,0,0,1,HR,0
03.100060.0040,1/4 ADAPTER COMPRESSION MALE,EA,0,1,,75,1,HR,0,0,1,HR,0
03.100060.0050,1/4 ADAPTER COMPRESSION MALE,EA,0,1,,75,1,HR,0,0,1,HR,0
03.100060.0060,1/4 ADAPTER COMPRESSION MALE,EA,0,1,,75,1,HR,0,0,1,HR,0
03.100060.0070,1/4 ADAPTER COMPRESSION MALE,EA,0,1,,75,1,HR,0,0,1,HR,0
03.100060.0080,5/16 ADAPTER COMPRESSION MALE,EA,0,1,,75,1,HR,0,0,1,HR,0
03.100060.0090,5/16 ADAPTER COMPRESSION MALE,EA,0,1,,75,1,HR,0,0,1,HR,0
03.100060.0100,5/16 ADAPTER COMPRESSION MALE,EA,0,1,,75,1,HR,0,0,1,HR,0
03.100060.0110,5/16 ADAPTER COMPRESSION MALE,EA,0,1,,75,1,HR,0,0,1,HR,0
03.100060.0120,3/8 ADAPTER COMPRESSION MALE,EA,0,1,,75,1,HR,0,0,1,HR,0
03.100060.0130,3/8 ADAPTER COMPRESSION MALE,EA,0,1,,75,1,HR,0,0,1,HR,0
03.100060.0140,3/8 ADAPTER COMPRESSION MALE,EA,0,1,,75,1,HR,0,0,1,HR,0
03.100060.0150,3/8 ADAPTER COMPRESSION MALE,EA,0,1,,75,1,HR,0,0,1,HR,0
03.100060.0160,3/8 ADAPTER COMPRESSION MALE,EA,0,1,,75,1,HR,0,0,1,HR,0
03.100060.0170,7/16 ADAPTER COMPRESSION MALE,EA,0,1,,75,1,HR,0,0,1,HR,0
03.100060.0180,7/16 ADAPTER COMPRESSION MALE,EA,0,1,,75,1,HR,0,0,1,HR,0
03.100060.0190,1/2 ADAPTER COMPRESSION MALE,EA,0,1,,75,1,HR,0,0,1,HR,0
03.100060.0200,1/2 ADAPTER COMPRESSION MALE,EA,0,1,,75,1,HR,0,0,1,HR,0
03.100060.0210,1/2 ADAPTER COMPRESSION MALE,EA,0,1,,75,1,HR,0,0,1,HR,0
03.100060.0220,1/2 ADAPTER COMPRESSION MALE,EA,0,1,,75,1,HR,0,0,1,HR,0
03.100060.0230,5/8 ADAPTER COMPRESSION MALE,EA,0,1,,75,1,HR,0,0,1,HR,0
03.100060.0240,5/8 ADAPTER COMPRESSION MALE,EA,0,1,,75,1,HR,0,0,1,HR,0
03.100060.0250,5/8 ADAPTER COMPRESSION MALE,EA,0,1,,75,1,HR,0,0,1,HR,0
03.100060.0260,3/4 ADAPTER COMPRESSION MALE,EA,0,1,,75,1,HR,0,0,1,HR,0
03.100060.0270,3/4 ADAPTER COMPRESSION MALE,EA,0,1,,75,1,HR,0,0,1,HR,0
03.100060.0280,7/8 ADAPTER COMPRESSION MALE,EA,0,1,,75,1,HR,0,0,1,HR,0
03.100060.0290,7/8 ADAPTER COMPRESSION MALE,EA,0,1,,75,1,HR,0,0,1,HR,0
03.100060.0530,7/8 ADAPTER COMPRESSION MALE,EA,0,1,,75,1,HR,0,0,1,HR,0
